BlockName,Category,Year,Month,Day,Crop,DistrictName,QueryType,Season,Sector,StateName,QueryText,KccAns,latitude,longitude
"0   ",Fruits,2012,12,21,Mango,"EAST GODAVARI",76,nan,HORTICULTURE,"ANDHRA PRADESH","asked about leaf webber","suggest to spray  chloripyriphos 25ml per lit",16.9957,81.7154
"0   ",Fruits,2012,12,3,Mango,"WEST GODAVARI",0,nan,HORTICULTURE,"ANDHRA PRADESH","asked about leaf webber in mango crop","recomended monochrotophos",16.6443,81.5885
"0   ",Fruits,2012,12,16,Mango,KRISHNA,0,nan,HORTICULTURE,"ANDHRA PRADESH","leaf webber",monohrotophos,16.2128,81.0307
ADONI,Fruits,2012,9,19,Mango,KURNOOL,0,nan,HORTICULTURE,"ANDHRA PRADESH","asked about mango leaf webber control","recommended acephate",15.8309,78.0425
KODUR,Fruits,2012,12,22,Mango,"Y S R ",0,nan,HORTICULTURE,"ANDHRA PRADESH","asked about mango leaf webber","recomended monochrotophos",15.9241,80.1864
CUTTACKSADAR,Fruits,2012,11,11,Mango,CUTTACK,"Plant Protection",nan,HORTICULTURE,ODISHA,"LEAF WEBBER","QUINALPHOS 2mllt OF WATER",20.4686,85.8792
"DHENKANAL SADAR",Fruits,2012,12,19,Mango,DHENKANAL,"Plant Protection",nan,HORTICULTURE,ODISHA,"LEAF WEBBER","QUINALPHOS 2mllt OF WATER",20.8351,85.6022
"0   ",Fruits,2013,3,8,Mango,VIZIANAGARM,0,nan,HORTICULTURE,"ANDHRA PRADESH","leaf webber",chloripyriphos,15.9241,80.1864
"0   ",Fruits,2013,2,9,Mango,"EAST GODAVARI",0,nan,HORTICULTURE,"ANDHRA PRADESH","leaf webber",chloripyriphos,16.9957,81.7154
MAMIDIKUDURU,Fruits,2013,12,18,Mango,"EAST GODAVARI",nan,nan,HORTICULTURE,"ANDHRA PRADESH","leaf webber","chlorpyriphos 25 mlL water",16.9957,81.7154
BUTTAYAGUDEM,Fruits,2013,4,5,Mango,"WEST GODAVARI",nan,nan,HORTICULTURE,"ANDHRA PRADESH","LEAF WEBBER","MONO 15 ML 2 G CARBARYL",16.6443,81.5885
PODURU,Fruits,2013,4,19,Mango,"WEST GODAVARI","Plant Protection",nan,HORTICULTURE,"ANDHRA PRADESH","mango leaf webber","quinolphos  25mlliter or carbaryl 3gmliter watre",16.6443,81.5885
KAMAVARAPUKOTA,Fruits,2013,4,26,Mango,"WEST GODAVARI","Plant Protection",nan,HORTICULTURE,"ANDHRA PRADESH","leaf webber in mango","carbaryl  3gmliter water",16.6443,81.5885
GAMPALAGUDEM,Fruits,2013,1,11,Mango,KRISHNA,76,nan,HORTICULTURE,"ANDHRA PRADESH","leaf webber in mango","spraying of quinolphos 2 mllt",16.2128,81.0307
"0   ",Fruits,2013,1,30,Mango,KRISHNA,0,nan,HORTICULTURE,"ANDHRA PRADESH","leaf webber",chloripyriphos,16.2128,81.0307
"0   ",Fruits,2013,2,12,Mango,KRISHNA,76,nan,HORTICULTURE,"ANDHRA PRADESH","asked about leaf webber","spray chloripyriphos",16.2128,81.0307
"0   ",Fruits,2013,3,12,Mango,KRISHNA,76,nan,HORTICULTURE,"ANDHRA PRADESH","asked about leaf webber in mango","spray chloripyriphos",16.2128,81.0307
BAPULAPADU,Fruits,2013,9,20,Mango,KRISHNA,"Plant Protection",nan,HORTICULTURE,"ANDHRA PRADESH","leaf webber","spray chloripyriphos 25ml per lit",16.2128,81.0307
GAMPALAGUDEM,Fruits,2013,11,26,Mango,KRISHNA,nan,nan,HORTICULTURE,"ANDHRA PRADESH","leaf webber","chloropyriphos 500mlacre: 25mlliter of water",16.2128,81.0307
"0   ",Fruits,2013,1,28,Mango,GUNTUR,0,nan,HORTICULTURE,"ANDHRA PRADESH","leaf webber",chloripyriphos,16.2915,80.4542
"0   ",Fruits,2013,1,1,Mango,PRAKASAM,0,nan,HORTICULTURE,"ANDHRA PRADESH","asked about leaf webber in mango","recomended monochrotophos",15.6643,79.4733
"0   ",Fruits,2013,1,28,Mango,NELLORE,0,nan,HORTICULTURE,"ANDHRA PRADESH","leaf webber",chlorifyriphos,14.4494,79.9874
"0   ",Fruits,2013,1,14,Mango,KURNOOL,0,nan,HORTICULTURE,"ANDHRA PRADESH","leaf webber","monochorotophos or chloripyriphos",15.8309,78.0425
"0   ",Fruits,2013,1,25,Mango,ANANTPUR,0,nan,HORTICULTURE,"ANDHRA PRADESH","leaf webber",chloripyriphos,13.5747,78.5029
"0   ",Fruits,2013,1,25,Mango,ANANTPUR,0,nan,HORTICULTURE,"ANDHRA PRADESH","leaf webber dose",nan,13.5747,78.5029
"0   ",Fruits,2013,2,26,Mango,ANANTPUR,0,nan,HORTICULTURE,"ANDHRA PRADESH","leaf webber",chloripyriphos,13.5747,78.5029
"0   ",Fruits,2013,1,3,Mango,"Y S R ",76,nan,HORTICULTURE,"ANDHRA PRADESH","asked about  mango leaf webber","suggest to spray chloripyriphos",15.9241,80.1864
"0   ",Fruits,2013,1,11,Mango,"Y S R ",0,nan,HORTICULTURE,"ANDHRA PRADESH","leaf webber","quinolphos 400mlac",15.9241,80.1864
"0   ",Fruits,2013,1,15,Mango,"Y S R ",0,nan,HORTICULTURE,"ANDHRA PRADESH","leaf webber",chloripyriphos,15.9241,80.1864
"0   ",Fruits,2013,1,15,Mango,"Y S R ",0,nan,HORTICULTURE,"ANDHRA PRADESH","leaf webber",chloripyiphos,15.9241,80.1864
KONDAPURAM,Fruits,2013,1,29,Mango,"Y S R ",76,nan,HORTICULTURE,"ANDHRA PRADESH","leaf webber in mango","spraying of quinolphos 2 mllt",15.9241,80.1864
KODUR,Fruits,2013,2,15,Mango,"Y S R ",76,nan,HORTICULTURE,"ANDHRA PRADESH","leaf webber in mango","spraying of quinolphos 2 mllt",15.9241,80.1864
KAMALAPURAM,Fruits,2013,12,8,Mango,"Y S R ",nan,nan,HORTICULTURE,"ANDHRA PRADESH","leaf webber","chlorpyriphos 25 mlL water",15.9241,80.1864
"0   ",Fruits,2013,1,11,Mango,CHITTOOR,0,nan,HORTICULTURE,"ANDHRA PRADESH","leaf webber",chloripyriphos,13.2026,79.0032
"0   ",Fruits,2013,1,30,Mango,CHITTOOR,0,nan,HORTICULTURE,"ANDHRA PRADESH","leaf webber",chloripyriphos,13.2026,79.0032
"0   ",Fruits,2013,2,9,Mango,CHITTOOR,0,nan,HORTICULTURE,"ANDHRA PRADESH","leaf webber",chloripyriphos,13.2026,79.0032
CHITTOOR,Fruits,2013,5,21,Mango,CHITTOOR,"Plant Protection",nan,HORTICULTURE,"ANDHRA PRADESH","leaf webber","spray chloripyriphos",13.2026,79.0032
PENUMURU,Fruits,2013,11,7,Mango,CHITTOOR,"Plant Protection",nan,HORTICULTURE,"ANDHRA PRADESH","leaf webber","spray chloripyriphos",13.2026,79.0032
PENUMURU,Fruits,2013,12,6,Mango,CHITTOOR,nan,nan,HORTICULTURE,"ANDHRA PRADESH","leaf webber","PROPINOPHOS CURECRON PROFEXDON BOLERO  400 ML PER ACRE    311431493120314631153135311231463115313431283149 30933149311931383120309331493120313431123149 31143149312031463115314230933149312831493105313431123149 311631473122314231203147 3119314230933134312030933137  400 308630748204308631223149 308630748204308631223149  31143135309831353093313431203136 309831433119313431223135",13.2026,79.0032
PATNAGARH,Fruits,2013,6,12,Mango,BALANGIR,"Plant Protection",nan,HORTICULTURE,ODISHA,"LEAF WEBBER","QUINALPHOS 2MLL",20.6095,83.1673
"0   ",Fruits,2013,1,11,Mango,SONEPUR,"Plant Protection",nan,HORTICULTURE,ODISHA,"LEAF WEBBER","CHLOROPYRIPHOS 2MLLITRE",20.8454,83.9091
BALIKUDA,Fruits,2013,7,3,Mango,JAGATSINGHAPUR,"Plant Protection",nan,HORTICULTURE,ODISHA,"LEAF WEBBER","CARBARYL 3GLTR",20.1801,86.3415
BOUDH,Fruits,2013,8,4,Mango,BAUDH,"Plant Protection",nan,HORTICULTURE,ODISHA,"MANGO LEAF WEBBER","CHLOROPYRIPHOS 2MLLIT",20.8416,84.3213
PADAMPUR,Fruits,2013,4,3,Mango,BARGARH,nan,nan,HORTICULTURE,ODISHA,"LEAF WEBBER","QUINALPHOS 2MLLTR",21.232,83.5653
OTTAPIDARAM,Fruits,2013,12,27,Mango,THOOTHUKUDI,"Plant Protection",KHARIF,HORTICULTURE,TAMILNADU,"leaf webber in mango","leaf webber in mango : spray carbaryl 2gmteepol 1mllit of water",8.8457,77.9938
MATHUR,Fruits,2013,11,19,Mango,KRISHNAGIRI,"Plant Protection",KHARIF,HORTICULTURE,TAMILNADU,"leaf webber in mango","leaf webber in mango : spray carbaryl 2gmteepol 1mllit of water",12.5152,78.0094
KODAD,Fruits,2013,2,12,Mango,SURYAPET,0,nan,HORTICULTURE,TELANGANA,"leaf webber",chloripyriphos,17.08,79.7925
GOLLAPROLU,Fruits,2014,6,17,Mango,"EAST GODAVARI",nan,nan,HORTICULTURE,"ANDHRA PRADESH","control of leaf webber in mango","carbaril 3 gr lit of water",16.9957,81.7154
ULAVAPADU,Fruits,2014,4,28,Mango,PRAKASAM,nan,nan,HORTICULTURE,"ANDHRA PRADESH","leaf webber","spray chloripyriphos",15.6643,79.4733
KALLUR,Fruits,2014,1,8,Mango,KURNOOL,nan,nan,HORTICULTURE,"ANDHRA PRADESH","leaf webber","quinalphos 2 mlL water",15.8309,78.0425
CBELAGAL,Fruits,2014,1,11,Mango,KURNOOL,nan,nan,HORTICULTURE,"ANDHRA PRADESH","leaf webber","spray chloripyriphos",15.8309,78.0425
GUDIBANDA,Fruits,2014,1,15,Mango,ANANTPUR,nan,nan,HORTICULTURE,"ANDHRA PRADESH","leaf webber","spray quinolphos 25mlliter",13.5747,78.5029
YADAMARI,Fruits,2014,9,23,Mango,CHITTOOR,"Plant Protection",nan,HORTICULTURE,"ANDHRA PRADESH","leaf webber","recommended quinolphos 2mll",13.2026,79.0032
BARAMULLA,Fruits,2014,12,30,Mango,BARAMULLA,"Plant Protection",KHARIF,HORTICULTURE,"JAMMU AND KASHMIR","HOW TO CONTROL LEAF WEBBER IN MANGO ","SPRAY WITH QUANILPHOS  5MLLITER OF WATER",34.2087,74.3435
KOLAR,Fruits,2014,10,22,Mango,KOLAR,"Plant Protection",nan,HORTICULTURE,KARNATAKA,"LEAF WEBBER","PHOSALONE 2MLLTR",13.1805,78.2669
NEDUMANGAD,Fruits,2014,3,15,Mango,TRIVANDRUM,nan,nan,HORTICULTURE,KERALA,"leaf webber attack in mango","Remove and destroy the webbed leaves along with larva and pupaSpray carbaryl at 50 WP  01",8.48823,76.9475
KHAIRA,Fruits,2014,6,11,Mango,BALASORE,"Plant Protection",nan,HORTICULTURE,ODISHA,"leaf webber","apply quinalphous 25 ec  2mllitre spray",21.5006,86.9199
PATNAGARH,Fruits,2014,12,10,Mango,BALANGIR,"Plant Protection",nan,HORTICULTURE,ODISHA,"LEAF WEBBER IN MANGO","RECOMMENDED QUINALPHUS  2MLLITRE SPRAY",20.6095,83.1673
NARASINGHPUR,Fruits,2014,9,27,Mango,CUTTACK,"Plant Protection",nan,HORTICULTURE,ODISHA,"LEAF WEBBER IN MANGO","RECOMMENDED QUINALPHUS  2MLLITRE SPRAY",20.4686,85.8792
ASTARANGA,Fruits,2014,11,27,Mango,PURI,"Plant Protection",RABI,HORTICULTURE,ODISHA,"LEAF WEBBER","CHLOROPYRIPHOS 2ML1LITRE OF WATER",19.8076,85.8253
NIMAPADA,Fruits,2014,12,17,Mango,PURI,"Plant Protection",nan,HORTICULTURE,ODISHA,"MANGO LEAF WEBBER","SPRAY QUINALPHOS 2ML PER 1LTR WATER",19.8076,85.8253
ATTUR,Fruits,2014,3,27,Mango,SALEM,"Plant Protection",KHARIF,HORTICULTURE,TAMILNADU,"leaf webber in mango : spray carbaryl 2gmneemoil 3mlteepol 1mllit of water","leaf webber in mango : spray carbaryl 2gmneemoil 3mlteepol 1mllit of water",11.647,78.2107
NALLAMPALLI,Fruits,2014,7,15,Mango,DHARMAPURI,"Plant Protection",RABI,HORTICULTURE,TAMILNADU,"leaf webber in mango","spray leaf extract 1lit in 10 lit of water",12.1456,78.1132
THONDAMUTHUR,Fruits,2014,4,1,Mango,COIMBATORE,"Plant Protection",RABI,HORTICULTURE,TAMILNADU,"leaf webber in mango","spray carbaryl 2gmteepol 1mlneemoil 3mllit of water",11.0018,76.9628
THONDAMUTHUR,Fruits,2014,4,21,Mango,COIMBATORE,"Plant Protection",RABI,HORTICULTURE,TAMILNADU,"leaf webber in mango","spray carbaryl 2gmteepol 1mlneemoil 3mllit of water",11.0018,76.9628
KURUNTHANCODE,Fruits,2014,7,31,Mango,"KANNIYA KUMARI","Plant Protection",JAYAD,HORTICULTURE,TAMILNADU,"leaf webber in mango","spray carbaryl 2gmneemoil 3mlteepol 1mllit of water",10.9094,78.3665
TIRUVALLUR,Fruits,2014,3,8,Mango,THIRUVALLUR,"Plant Protection",KHARIF,HORTICULTURE,TAMILNADU,"leaf webber in mango : spray carbaryl 2gmneemoil 3mlteepol 1mllit of water","leaf webber in mango : spray carbaryl 2gmneemoil 3mlteepol 1mllit of water",13.2538,80.0563
KARUR,Fruits,2014,2,1,Mango,KARUR,nan,KHARIF,HORTICULTURE,TAMILNADU,"leaf webber in mango","leaf webber in mango : spray phosalone 2mllit of water and after 5days spray maida 1kg20lit of water",10.8218,78.3829
KARUR,Fruits,2014,2,1,Mango,KARUR,"Plant Protection",KHARIF,HORTICULTURE,TAMILNADU,"leaf webber in mango : spray phosalone 2mllit of water and after 5days spray maida 1kg20lit of water","leaf webber in mango : spray phosalone 2mllit of water and after 5days spray maida 1kg20lit of water",10.8218,78.3829
VEDARANYAM,Fruits,2014,10,11,Mango,NAGAPATTINAM,"Plant Protection",nan,HORTICULTURE,TAMILNADU,"mango leaf webber","recommended for spray thiodicarb 2 g lit",10.6026,79.7619
CHETPUT,Fruits,2014,2,6,Mango,TIRUVANNAMALAI,"Plant Protection",KHARIF,HORTICULTURE,TAMILNADU,"leaf webber in mango : spray pahosalonel 2gmneemoil 3mlteepol 1mllit of water","leaf webber in mango : spray pahosalonel 2gmneemoil 3mlteepol 1mllit of water",12.4289,78.9992
PUDUPALAYAM,Fruits,2014,3,8,Mango,TIRUVANNAMALAI,"Plant Protection",KHARIF,HORTICULTURE,TAMILNADU,"leaf webber in mango : spray carbaryl 2gmneemoil 3mlteepol 1mllit of water","leaf webber in mango : spray carbaryl 2gmneemoil 3mlteepol 1mllit of water",12.4289,78.9992
PUDUCHERRY,Fruits,2014,10,11,Mango,PUDUCHERRY,"Plant Protection",KHARIF,HORTICULTURE,PUDUCHERRY,"mango leaf webber","recommended for spray carbaryl 2 gram  1 litre of water",11.9341,79.8306
BONDAPALLE,Fruits,2015,10,20,Mango,VIZIANAGARM,"Plant Protection",RABI,HORTICULTURE,"ANDHRA PRADESH","MANGO  LEAF WEBBER","CARBARIL  2 GRAM  LITER WATER",15.9241,80.1864
AMALAPURAM,Fruits,2015,2,4,Mango,"EAST GODAVARI","Plant Protection",nan,HORTICULTURE,"ANDHRA PRADESH","mango leaf webber","recomended for quinolpas 25 mllit water",16.9957,81.7154
MAMIDIKUDURU,Fruits,2015,6,27,Mango,"EAST GODAVARI","Plant Protection",KHARIF,HORTICULTURE,"ANDHRA PRADESH","MANGO LEAF WEBBER DAMAGE","PROFENOPHOS 2 ML LITER WATER",16.9957,81.7154
ELURU,Fruits,2015,5,12,Mango,"WEST GODAVARI","Plant Protection",nan,HORTICULTURE,"ANDHRA PRADESH","mango leaf webber","recommended CHLORPYRPHOSKORBAN DURSBAN LETHAL CLASSIC RADAR 500 PER ACre",16.6443,81.5885
CHAGALLU,Fruits,2015,10,4,Mango,"WEST GODAVARI","Plant Protection",nan,HORTICULTURE,"ANDHRA PRADESH","mango leaf webber","RECOMMENDED TO SPRAY QUINOLPHOSEKALUX FLASH DHANULUXQUINGUARD 400 ML PER ACRE",16.6443,81.5885
BUKKARAYASAMUDRAM,Fruits,2015,8,5,Mango,ANANTPUR,"Plant Protection",nan,HORTICULTURE,"ANDHRA PRADESH","leaf webber ib mango","quenal phass 2mll",13.5747,78.5029
BRAHMAMGARIMATHAM,Fruits,2015,6,1,Mango,"Y S R ","Plant Protection",nan,HORTICULTURE,"ANDHRA PRADESH","mango leaf webber","CARBARYLSEVIN THANVIN KRIVIN 600 GRAMS PER ACRE",15.9241,80.1864
BKOTHAKOTA,Fruits,2015,6,21,Mango,CHITTOOR,"Plant Protection",nan,HORTICULTURE,"ANDHRA PRADESH","leaf webber in mango","RECOMMENDED TO SPRAY CHLOFENPYRPHOS  INTRAPRID LEPIDO 300 ML PER ACRE",13.2026,79.0032
KALAKADA,Fruits,2015,6,22,Mango,CHITTOOR,"Plant Protection",nan,HORTICULTURE,"ANDHRA PRADESH","MANGO LEAF WEBBER","RECOMMENDED TO SPRAY QUINOLPHOSEKALUX FLASH DHANULUXQUINGUARD 400 ML PER ACRE",13.2026,79.0032
GUDUPALLE,Fruits,2015,8,20,Mango,CHITTOOR,"Plant Protection",KHARIF,HORTICULTURE,"ANDHRA PRADESH","mango leaf webber control measurs","RECOMMENDED TO SPRAY PROPINOPHOS CURECRON PROFEXDON BOLERO  400 ML PER ACRE",13.2026,79.0032
MULAKALACHERUVU,Fruits,2015,8,29,Mango,CHITTOOR,"Plant Protection",KHARIF,HORTICULTURE,"ANDHRA PRADESH","mango leaf webber control measurs","RECOMMENDED TO SPRAY QUINOLPHOSEKALUX FLASH DHANULUXQUINGUARD 400 ML PER ACRE",13.2026,79.0032
ASTARANGA,Fruits,2015,3,1,Mango,PURI,"Plant Protection",RABI,HORTICULTURE,ODISHA,"LEAF WEBBER","SPRAY CHLOROPYRIPHOS 2ML1LITRE OF WATER",19.8076,85.8253
ASTARANGA,Fruits,2015,3,30,Mango,PURI,"Plant Protection",nan,HORTICULTURE,ODISHA,"LEAF WEBBER IN MANGO","RECOMMENDED TO SPRAY QUINALPHOS 2ML1 LITER OF WATER",19.8076,85.8253
KANCHIPURAM,Fruits,2015,12,16,Mango,KANCHEEPURAM,"Plant Protection",RABI,HORTICULTURE,TAMILNADU,"leaf webber in mango","Recommended for spray dimethoate 2 ml litre",12.8796,79.7043
PERANAMBATTU,Fruits,2015,10,31,Mango,VELLORE,"Plant Protection",RABI,HORTICULTURE,TAMILNADU,"leaf webber in mango","recommended for spray malathion 2mlteepol 1mlneemoil 3mllit of water",12.9022,79.0611
LALGUDI,Fruits,2015,7,21,Mango,TIRUCHIRAPPALLI,"Plant Protection",KHARIF,HORTICULTURE,TAMILNADU,"leaf webber in mango","recommended for spray neem oil 3mllit",10.8071,78.6881
MANACHANELLUR,Fruits,2015,10,3,Mango,TIRUCHIRAPPALLI,"Plant Protection",KHARIF,HORTICULTURE,TAMILNADU,"Mango  leaf Webber","recommended for spray Thiodicarb 2 gram  Neem oil 3 ml litre of water",10.8071,78.6881
ARIMALAM,Fruits,2015,4,20,Mango,PUDUKKOTTAI,"Plant Protection",JAYAD,HORTICULTURE,TAMILNADU,"mango leaf webber","recommended for spraying chlorpyripos 2 ml litre of water",10.2903,78.8174
KILVELUR,Fruits,2015,6,3,Mango,NAGAPATTINAM,"Plant Protection",JAYAD,HORTICULTURE,TAMILNADU,"Leaf webber in Mango","Recommended for spray profenophos 2ml litre of water",10.6026,79.7619
KOLLIDAM,Fruits,2015,11,8,Mango,NAGAPATTINAM,"Plant Protection",RABI,HORTICULTURE,TAMILNADU,"leaf webber in mango","recommended for spray application of neem oil  3 ml  1 ml teepol in one litre of water",10.6026,79.7619
SIVAGANGA,Fruits,2015,12,16,Mango,SIVAGANGA,"Plant Protection",RABI,HORTICULTURE,TAMILNADU,"grass leaf webber in mango","recommended for spray Azadirachtin 3 ml  1 ml teepol  lit of water",9.84869,78.487
MATHUR,Fruits,2015,6,29,Mango,KRISHNAGIRI,"Plant Protection",JAYAD,HORTICULTURE,TAMILNADU,"Leaf Webber in Mango","Recommended for spray Thiodicarb 2 gram  Neem oil 3 ml litre of water",12.5152,78.0094
VISHNUPUR,Fruits,2015,6,3,Mango,BANKURA,"Plant Protection",KHARIF,HORTICULTURE,"WEST BENGAL","CONTROL OF LEAF WEBBER IN MANGO","RECOMMENDED FOR SPRAY  ACEPHATE 75 SP  15 GM  2 LIT OF WATER",23.1324,87.2082
GANGUVARISIGADAM,Fruits,2016,3,13,Mango,SRIKAKULAM,"Plant Protection",nan,HORTICULTURE,"ANDHRA PRADESH","MANGO LEAF WEBBER CONTROLL MANAGEMENT","RECOMMENDED TO SPRAY CHLORIPYRIPHOS 500 MLAcre x",18.2949,83.8939
BOBBILI,Fruits,2016,1,3,Mango,VIZIANAGARM,"Plant Protection",nan,HORTICULTURE,"ANDHRA PRADESH","mango leaf webber","RECOMMENDED TO SPRAY DICHLOROVAS NUVAN DOOM FUME LAVA 250 ML PER  ACRE",15.9241,80.1864
LAKKAVARAPUKOTA,Fruits,2016,11,8,Mango,VIZIANAGARM,"Plant Protection",nan,HORTICULTURE,"ANDHRA PRADESH","mango leaf webber","recommended to spray quinalphos 2 milli liter liter water",15.9241,80.1864
ACHUTAPURAM,Fruits,2016,8,2,Mango,VISAKHAPATNAM,"Plant Protection",nan,HORTICULTURE,"ANDHRA PRADESH","MANGO LEAF WEBBER","MANGO LEAF WEBBER :   RECOMMENDED TO SPRAY CHLORIPYRIPHOS 25 ML IN 1 LITRE WATER",17.6936,83.2921
PADMANABHAM,Fruits,2016,11,26,Mango,VISAKHAPATNAM,"Plant Protection",nan,HORTICULTURE,"ANDHRA PRADESH","MANAGEMENT OF MANGO LEAF WEBBER","RECOMMENDED TO SPRAY QUINALPHOS 2 MILLILITERS PER LITER WATER",17.6936,83.2921
PEDDAPURAM,Fruits,2016,3,3,Mango,"EAST GODAVARI","Plant Protection",RABI,HORTICULTURE,"ANDHRA PRADESH","mango leaf webber cont roll management","recommended spray quinalphos 2mllitre of water",16.9957,81.7154
KORUKONDA,Fruits,2016,11,1,Mango,"EAST GODAVARI","Plant Protection",RABI,HORTICULTURE,"ANDHRA PRADESH","leaf webber in mango","RECOMMENDED TO SPRAY LAMBDA CYHALOTHRIN 400 ML 200 LITERS OF WATER   ACRE",16.9957,81.7154
KORUKONDA,Fruits,2016,12,6,Mango,"EAST GODAVARI","Plant Protection",nan,HORTICULTURE,"ANDHRA PRADESH","mango leaf webber management","recommended to spray quinalphos 2ml  lit of water",16.9957,81.7154
TADEPALLIGUDEM,Fruits,2016,1,27,Mango,"WEST GODAVARI","Plant Protection",nan,HORTICULTURE,"ANDHRA PRADESH","MANGO LEAF WEBBER","RECOMMENDED TO SPRAY CHLORIPYRIPHOS 500 MLAcre",16.6443,81.5885
MACHILIPATNAM,Fruits,2016,2,18,Mango,KRISHNA,"Plant Protection",nan,HORTICULTURE,"ANDHRA PRADESH","mango leaf webber","RECOMMENDED FOR SPRAY Profenophos 400 ml  acre",16.2128,81.0307
MACHILIPATNAM,Fruits,2016,2,18,Mango,KRISHNA,"Plant Protection",nan,HORTICULTURE,"ANDHRA PRADESH","mango leaf webber","RECOMMENDED FOR SPRAY Profenophos 400 ml  acre",16.2128,81.0307
JAGGAYYAPETA,Fruits,2016,12,4,Mango,KRISHNA,"Plant Protection",nan,HORTICULTURE,"ANDHRA PRADESH","MANGO LEAF WEBBER MANAGEMENT","MANGO LEAF WEBBER MANAGEMENT : RECOMMENDED TO SPRAY  CHLORPYRIFOS  500 ML200 LITRES OF WATER  ACRE",16.2128,81.0307
VATSAVAI,Fruits,2016,12,4,Mango,KRISHNA,"Plant Protection",nan,HORTICULTURE,"ANDHRA PRADESH","mango leaf Webber management","mango leaf Webber management: recommended for spray chloropyriphos 25 ml 1 liter of water",16.2128,81.0307
REDDIGUDEM,Fruits,2016,12,17,Mango,KRISHNA,"Plant Protection",nan,HORTICULTURE,"ANDHRA PRADESH","mango leaf webber management","RECOMMENDED TO SPRAY  PHOSPHOMIDON   400 ML 200 LITERS OF WATER   ACRE",16.2128,81.0307
PENAMALURU,Fruits,2016,12,23,Mango,KRISHNA,"Plant Protection",RABI,HORTICULTURE,"ANDHRA PRADESH","Mango leaf Webber","recommended  to spray quinalphos 2mllit water",16.2128,81.0307
CHAGALAMARRI,Fruits,2016,2,8,Mango,KURNOOL,"Plant Protection",nan,HORTICULTURE,"ANDHRA PRADESH","mango leaf webber","RECOMMENDED FOR SPRAY Profenophos 400 ml  acre",15.8309,78.0425
BETHAMCHERLA,Fruits,2016,10,15,Mango,KURNOOL,"Plant Protection",nan,HORTICULTURE,"ANDHRA PRADESH","MANGO LEAF WEBBER MANAGEMENT","RECOMMENDED TO SPRAY Quinolphos 2 ML  LIT OF WATER",15.8309,78.0425
PANYAM,Fruits,2016,12,5,Mango,KURNOOL,"Plant Protection",nan,HORTICULTURE,"ANDHRA PRADESH","mango leaf Webber management","recommended to spray quinalphos 2ml  lit of water",15.8309,78.0425
KUNDURPI,Fruits,2016,10,8,Mango,ANANTPUR,"Plant Protection",nan,HORTICULTURE,"ANDHRA PRADESH","mango leaf webber management","mango leaf weber management : recommended to spray quinolphos 2 ml per liter of water",13.5747,78.5029
KUNDURPI,Fruits,2016,10,30,Mango,ANANTPUR,"Plant Protection",nan,HORTICULTURE,"ANDHRA PRADESH","MANGO LEAF WEBBER","MANGO LEAF WEBBER : RECOMMENDED TO SPRAY Lambda-cyhalothrin 15 mllit water",13.5747,78.5029
BUKKAPATNAM,Fruits,2016,12,7,Mango,ANANTPUR,"Plant Protection",nan,HORTICULTURE,"ANDHRA PRADESH","management of mango leaf webber","RECOMMENDED TO SPRAY  CHLORPYRIFOS  500 ML200 LITRES OF WATER  ACRE",13.5747,78.5029
BUKKAPATNAM,Fruits,2016,12,19,Mango,ANANTPUR,"Plant Protection",nan,HORTICULTURE,"ANDHRA PRADESH","MANGO LEAF WEBBER MANAGEMENT","RECOMMENDED TO SPRAY CARBARYL 3 GRAMS PER ACRE",13.5747,78.5029
CHINNAGOTTIGALLU,Fruits,2016,1,12,Mango,CHITTOOR,"Plant Protection",nan,HORTICULTURE,"ANDHRA PRADESH","LEAF WEBBER IN MANGO","RECOMMENDED TO SPRAY IMIDACHLOPRIDCONFIDOR TATAMIDA  VICTOR ATOM   160 ML PER ACRE",13.2026,79.0032
SODAM,Fruits,2016,10,3,Mango,CHITTOOR,"Plant Protection",nan,HORTICULTURE,"ANDHRA PRADESH","mango leaf webber management","recommended to spray chlorypyriphos 2 ml per liter of water",13.2026,79.0032
"PULICHERLA HO REDDIVARIPALLE",Fruits,2016,10,24,Mango,CHITTOOR,"Plant Protection",nan,HORTICULTURE,"ANDHRA PRADESH","mango leaf webber management","mango leaf webber management :  recommended to spray  CHLORIPYRIPHOS 500 MLAcre",13.2026,79.0032
BANGARUPALEM,Fruits,2016,12,21,Mango,CHITTOOR,"Plant Protection",nan,HORTICULTURE,"ANDHRA PRADESH","LEAF WEBBER MANAGEMENT IN MANGO","RECOMMENDED TO SPRAY CARBARYL  600 GRAMS PER ACRE",13.2026,79.0032
ANGAMALI,Fruits,2016,5,10,Mango,ERNAKULAM,"Plant Protection",nan,HORTICULTURE,KERALA,"mango leaf webber","ekalux 2mll",9.98408,76.2741
PUINTALA,Fruits,2016,7,17,Mango,BALANGIR,"Plant Protection",nan,HORTICULTURE,ODISHA,"LEAF WEBBER IN MANGO","RECOMMENDED TO APPLY QUINALPHOS 25EC 2 ML1 LITRE WATER TO CONTROL LEAF WEBBER IN MANGO ",20.6095,83.1673
KHAPRAKHOL,Fruits,2016,12,20,Mango,BALANGIR,"Plant Protection",nan,HORTICULTURE,ODISHA,"leaf webber in mango","spray quinalphos 2 ml in 1 litre water",20.6095,83.1673
KHAPRAKHOL,Fruits,2016,12,20,Mango,BALANGIR,"Plant Protection",nan,HORTICULTURE,ODISHA,"leaf webber in mango","spray quinalphos 2 ml in 1 litre water",20.6095,83.1673
BEGUNIAPADA,Fruits,2016,1,22,Mango,GANJAM,"Plant Protection",nan,HORTICULTURE,ODISHA,"TERMITE  AND LEAF WEBBER IN MANGO","SPRAY CARBENDAZIM 2G PER LITRE AFTER 7DAYS CHLOROPYRIFOS 2ML PER LITRE WATER",19.609,84.7081
BOLAGARH,Fruits,2016,2,18,Mango,KHORDHA,"Plant Protection",nan,HORTICULTURE,ODISHA,"LEAF WEBBER IN MANGO","RECOMMENDED TO SPRAY QUINALPHOS 2ML1 LITER OF WATER  FOR MANGO MALFORMATION SPRAY COPPER OXYCHLORIDE 3GM1 LITER OF WATER",20.0538,85.5023
DARINGIBADI,Fruits,2016,1,17,Mango,KANDHAMAL,"Plant Protection",nan,HORTICULTURE,ODISHA,"LEAF WEBBER IN MANGO","RECOMMENDED TO SPRAY QUINALPHOS 25 EC 2ML1 LITER OF WATER",20.1307,84.079
CHITHAMUR,Fruits,2016,3,26,Mango,KANCHEEPURAM,"Plant Protection",RABI,HORTICULTURE,TAMILNADU,"asking about mango leaf webber and mango malformation management","recommended for profinophos 2 ml  carbendazim 1 gram 1 litre of water",12.8796,79.7043
WALAJABAD,Fruits,2016,8,30,Mango,KANCHEEPURAM,"Plant Protection",KHARIF,HORTICULTURE,TAMILNADU,"leaf webber in mango","Recommended for spray malathion 2mllit of water",12.8796,79.7043
OMALUR,Fruits,2016,1,7,Mango,SALEM,"Plant Protection",RABI,HORTICULTURE,TAMILNADU,"leaf webber in mango","recommended for spray Malathion 2mlteepol 1mlneemoil 3mllit of water",11.647,78.2107
MANIKANDAM,Fruits,2016,9,28,Mango,TIRUCHIRAPPALLI,"Plant Protection",KHARIF,HORTICULTURE,TAMILNADU,"leaf webber in  mango","Recommended for spray profenophos 2mllit",10.8071,78.6881
MANACHANELLUR,Fruits,2016,12,17,Mango,TIRUCHIRAPPALLI,"Plant Protection",RABI,HORTICULTURE,TAMILNADU,"Leaf webber management in mango","Recommneded for spray monocrotophos 2 ml  neem oil 3 ml  sticking agent 05 ml litre of water",10.8071,78.6881
PAPANASAM,Fruits,2016,10,11,Mango,THANJAVUR,"Plant Protection",KHARIF,HORTICULTURE,TAMILNADU,"Leaf Webber management in mango","Recommended for spray chlorpyriphos 2 ml  neem oil 3 ml  sticking agent 05 ml litre of water",10.659,79.2014
"MADURAI EAST",Fruits,2016,3,10,Mango,MADURAI,"Plant Protection",RABI,HORTICULTURE,TAMILNADU,"Asking about Leaf webber and leaf hopper management in mango","Recommended for spray profenophos 2 ml  acephate 2 g  sticking agent 1 ml  litre of water",9.92612,78.1141
RAMANATHAPURAM,Fruits,2016,7,12,Mango,RAMANATHAPURAM,"Plant Protection",KHARIF,HORTICULTURE,TAMILNADU,"asking about leaf Webber in mango","Recommended for spray monocrotophos 15ml  lit",9.52056,78.5185
KURUNTHANCODE,Fruits,2016,1,9,Mango,"KANNIYA KUMARI","Plant Protection",RABI,HORTICULTURE,TAMILNADU,"leaf webber in mango","recommended for spray monocrotophos 2mlteepol 1mlneemoil 3mllit of water",10.9094,78.3665
RKPET,Fruits,2016,7,20,Mango,THIRUVALLUR,"Plant Protection",KHARIF,HORTICULTURE,TAMILNADU,"leaf webber in mango","Recommended for spray imidachlopride 1ml  teepol 1ml  neemoil 3mllit of water",13.2538,80.0563
TIRUVALLUR,Fruits,2016,12,30,Mango,THIRUVALLUR,"Plant Protection",RABI,HORTICULTURE,TAMILNADU,"Leaf webber management in mango","Recommended for spray monocrotophos 2 ml litre of water",13.2538,80.0563
SRIVILLIPUTTUR,Fruits,2016,7,22,Mango,VIRUDHUNAGAR,"Plant Protection",KHARIF,HORTICULTURE,TAMILNADU,"leaf webber in mango","Recommended for spray dimethoate 2 mllit of water",9.49263,77.8632
NAMAKKAL,Fruits,2016,1,10,Mango,NAMAKKAL,"Plant Protection",RABI,HORTICULTURE,TAMILNADU,"leaf webber in Mango","recommended for spray garlic 18gm Ginger 9gm greenchilli 9gmlit of water",11.3034,78.1186
TIRUTTURAIPPUNDI,Fruits,2016,7,6,Mango,THIRUVARUR,"Plant Protection",JAYAD,HORTICULTURE,TAMILNADU,"asking about leaf webber management in mango plant","recommended for neem oil 3 ml  teepol 1 ml 1 litre of water",10.6879,79.4979
KALASAPAKKAM,Fruits,2016,1,28,Mango,TIRUVANNAMALAI,"Plant Protection",RABI,HORTICULTURE,TAMILNADU,"Leaf Webber management in mango","Recommended for spray chlorpyriphos 2 ml  neem oil 3 ml  sticking agent 1 ml litre of water",12.4289,78.9992
KHUNIYAON,Fruits,2016,10,1,Mango,"SIDDHARTH NAGAR","Plant Protection",KHARIF,HORTICULTURE,"UTTAR PRADESH","LEAF WEBBER IN MANGO","CARBRYL 50 WP - 2 GRAMLITER",27.2753,83.0676
ASWAPURAM,Fruits,2016,12,29,Mango,"BHADRADRI KOTHAGUDEM","Plant Protection",nan,HORTICULTURE,TELANGANA,"MANGO LEAF WEBBER MANAGEMENT","RECOMMENDED TO SPRAY CARBARYL  600 GRAMS PER ACRE",17.7167,80.5713
NAKKAPALLE,Fruits,2017,1,13,Mango,VISAKHAPATNAM,"Plant Protection",nan,HORTICULTURE,"ANDHRA PRADESH","MANGO LEAF WEBBER MANAGEMENT","MANGO LEAF WEBBER MANAGEMENT : RECOMMENDED TO SPRAY LAMBDA CYHALOTHRIN 400 ML 200 LITRES OF WATER   ACRE",17.6936,83.2921
ANANDAPURAM,Fruits,2017,12,12,Mango,VISAKHAPATNAM,"Plant Protection",nan,HORTICULTURE,"ANDHRA PRADESH","LEAF WEBBER MANAGEMENT IN MANGO","RECOMMENDED TO SPRAY QUINALPHOS 2 MLLITER OF WATER",17.6936,83.2921
KORUKONDA,Fruits,2017,11,30,Mango,"EAST GODAVARI","Plant Protection",nan,HORTICULTURE,"ANDHRA PRADESH","leaf webber in mango","RECOMMENDED TO SPRAY MONOCROTOPHOS 400 ML 200 LITRES OF WATER ACRE",16.9957,81.7154
TUNI,Fruits,2017,12,25,Mango,"EAST GODAVARI","Plant Protection",nan,HORTICULTURE,"ANDHRA PRADESH","mango leaf webber  leaf blight management","RECOMMENDED TO SPRAY IMIDACLOPRID 03 ml   CARBENDAZIM 1 gm  lit RECOMMENDED TO SPRAY quinalphos 2 ml  lit recommended to spray 13045  potasium nitrate 5 gr  agromin max 5 gm liter of water",16.9957,81.7154
TUNI,Fruits,2017,12,31,Mango,"EAST GODAVARI","Plant Protection",nan,HORTICULTURE,"ANDHRA PRADESH","LEAF WEBBER IN MANGO","RECOMMENDED TO SPRAY COPPER OXY CHLORIDE  600  GM 200 LITRES OF WATER  ACRE  CARBARIL3GLITRE WATER",16.9957,81.7154
AGIRIPALLI,Fruits,2017,5,17,Mango,KRISHNA,"Plant Protection",nan,HORTICULTURE,"ANDHRA PRADESH","mango leaf webber management","RECOMMENDED TO SPRAY  CHLORPYRIFOS 25ml  lit of water",16.2128,81.0307
GUDIVADA,Fruits,2017,11,10,Mango,KRISHNA,"Plant Protection",nan,HORTICULTURE,"ANDHRA PRADESH","MANGO LEAF WEBBER MANAGEMENT","RECOMMENDED TO SPRAY ACEPHATE 15 GRAMS 1 LITRES OF WATER  ACRE",16.2128,81.0307
NUZVID,Fruits,2017,12,30,Mango,KRISHNA,"Plant Protection",nan,HORTICULTURE,"ANDHRA PRADESH","LEAF WEBBER MANAGEMENT IN MANGO","RECOMMENDED TO SPRAY QUINALPHOS 2 MLLITER OF WATER",16.2128,81.0307
ANUMASAMUDRAMPETA,Fruits,2017,3,17,Mango,NELLORE,"Plant Protection",nan,HORTICULTURE,"ANDHRA PRADESH","LEAF WEBBER MANAGEMENT IN MANGO","LEAF WEBBER MANAGEMENT IN MANGO:RECOMMENDED CARBARYL 3GRAMS FOR LITRE OF WATER",14.4494,79.9874
VINJAMUR,Fruits,2017,11,28,Mango,NELLORE,"Plant Protection",nan,HORTICULTURE,"ANDHRA PRADESH","leaf webber in mango","RECOMMENDED TO SPRAY MONOCROTOPHOS 400 ML 200 LITRES OF WATER ACRE",14.4494,79.9874
BETHAMCHERLA,Fruits,2017,9,17,Mango,KURNOOL,"Plant Protection",nan,HORTICULTURE,"ANDHRA PRADESH","MANGO LEAF WEBBER MANAGEMENT","MANGO LEAF WEBBER MANAGEMENTRECOMMENDED TO SPRAY QUINOLPHOS 400 ML200 LITRES OF WATER   ACRE",15.8309,78.0425
PEAPULLY,Fruits,2017,11,12,Mango,KURNOOL,"Plant Protection",KHARIF,HORTICULTURE,"ANDHRA PRADESH","mango leaf webber management","RECOMMENDED TO SPRAY IMIDACHLOPRID 60 ML PER ACRE",15.8309,78.0425
BUKKARAYASAMUDRAM,Fruits,2017,1,14,Mango,ANANTPUR,"Plant Protection",nan,HORTICULTURE,"ANDHRA PRADESH","mango leaf webber control","recommnded to spray quinalphas 2 ml per acre",13.5747,78.5029
TALUPULA,Fruits,2017,3,2,Mango,ANANTPUR,"Plant Protection",nan,HORTICULTURE,"ANDHRA PRADESH","leaf webber in mango","leaf webber in mango  recommended to spray quinolphos 2 mllit of water",13.5747,78.5029
OBULADEVARECHERUVU,Fruits,2017,9,11,Mango,ANANTPUR,"Plant Protection",nan,HORTICULTURE,"ANDHRA PRADESH","LEAF WEBBER MANAGEMENT IN MANGO","LEAF WEBBER MANAGEMENT IN MANGO RECOMMENDED TO SPRAY  CHLORPYRIFOS  25 ML1 LITRE OF WATER",13.5747,78.5029
NANDALUR,Fruits,2017,1,24,Mango,"Y S R ","Plant Protection",nan,HORTICULTURE,"ANDHRA PRADESH","mango leaf webber management","recommended to spray carbaryl 3 grams per liter of water",15.9241,80.1864
RAJAMPET,Fruits,2017,12,7,Mango,"Y S R ","Agriculture Mechanization",nan,HORTICULTURE,"ANDHRA PRADESH","mango leaf webber management","recommended to spray quinalphos 2 ml  lit of water",15.9241,80.1864
CHAPADU,Fruits,2017,12,20,Mango,"Y S R ","Plant Protection",nan,HORTICULTURE,"ANDHRA PRADESH","mango leaf webber management","RECOMMENDED TO SPRAY NOVALURAN 15 ml  lit of water",15.9241,80.1864
BANGARUPALEM,Fruits,2017,2,16,Mango,CHITTOOR,"Plant Protection",nan,HORTICULTURE,"ANDHRA PRADESH","MANGO LEAF WEBBER MANAGEMENT","MANGO LEAF WEBBER MANAGEMENT : RECOMMENDED TO SPRAY MONOCROTOPHOS 400 ML 200 LITRES OF WATER ACRE",13.2026,79.0032
GANGAVARAM,Fruits,2017,10,17,Mango,CHITTOOR,"Plant Protection",nan,HORTICULTURE,"ANDHRA PRADESH","LEAF WEBBER MANAGEMENT IN MANGO","RECOMMENDED TO SPRAY QUINALPHOS 2 ML LITER OF WATER",13.2026,79.0032
CHITTOOR,Fruits,2017,12,24,Mango,CHITTOOR,"Plant Protection",RABI,HORTICULTURE,"ANDHRA PRADESH","mango leaf webber","Recommended to spray  Quinalphos 2 mllit water",13.2026,79.0032
BELGAUM,Fruits,2017,8,7,Mango,BELGAUM,"Plant Protection",nan,HORTICULTURE,KARNATAKA,"leaf webber","mancozeb 2g in 1 liter chlorophyriphos 2ml in 1 liter",15.8573,74.5069
RAIRAKHOL,Fruits,2017,5,3,Mango,SAMBALPUR,"Plant Protection",nan,HORTICULTURE,ODISHA,"LEAF WEBBER IN MANGO","RECOMMENDED TO SPRAY QUINALPHOS 25EC 2ML1 LITRE WATER TO CONTROL LEAF WEBBER IN MANGO",21.5571,84.1529
KENDRAPADA,Fruits,2017,12,1,Mango,KENDRAPARA,"Plant Protection",nan,HORTICULTURE,ODISHA,"Leaf webber in Mango","Leaf webber in Mango-Spray quinalphos-2mllit of water",20.5475,86.5296
MODAKURICHI,Fruits,2017,6,10,Mango,ERODE,"Plant Protection",JAYAD,HORTICULTURE,TAMILNADU,"Asking about leaf webber in mango","Recommended for spray Profenophos 2 ml  acephate 1 gram litre of water",11.4905,77.3505
PERAVURANI,Fruits,2017,4,22,Mango,THANJAVUR,"Plant Protection",JAYAD,HORTICULTURE,TAMILNADU,"asking about mango leaf webber management","recommended for spray propinophos - 2 ml lit of water",10.659,79.2014
PARAMAKKUDI,Fruits,2017,11,20,Mango,RAMANATHAPURAM,"Plant Protection",RABI,HORTICULTURE,TAMILNADU,"Asking about leaf webber in mango","recommended for spray neem seed kernel extract 50mllit of water",9.52056,78.5185
Tirrpur,Fruits,2017,9,20,Mango,TIRUPUR,"Plant Protection",KHARIF,HORTICULTURE,TAMILNADU,"asking about leaf webber in mango","Recommended to spray profenophos 2ml  teepol 1mllit of water",11.1672,77.3473
KERAKAT,Fruits,2017,6,10,Mango,JAUNPUR,"Plant Protection",KHARIF,HORTICULTURE,"UTTAR PRADESH","leaf webber in mango","Spray carbaryl at 50 WP  01",25.7967,82.4889
MISRIKH,Fruits,2017,11,13,Mango,SITAPUR,"Plant Protection",JAYAD,HORTICULTURE,"UTTAR PRADESH","control of Leaf webber in mango plant ","Quinalphos 25 EC 2 ml litar pani ke sath spray kren",27.5027,80.8335
POLBA-DADPUR,Fruits,2017,7,10,Mango,HOOGHLY,"Plant Protection",KHARIF,HORTICULTURE,"WEST BENGAL","ASKING ABOUT CONTROL OF LEAF WEBBER IN MANGO","RECOMMENDED FOR SPRAY  EMAMECTIN BENZOATE 5  SG  05 GM  1 LIT OF WATER",22.9099,88.0121
UPPUNUNTHALA,Fruits,2017,12,4,Mango,NAGARKURNOOL,"Plant Protection",nan,HORTICULTURE,TELANGANA,"LEAF WEBBER MANAGEMENT IN MANGO","RECOMMENDED TO SPRAY PHOSALONE  400 ML  200 LITRES OF WATER ACRE",16.4158,78.683
THERLAM,Fruits,2018,12,19,Mango,VIZIANAGARM,"Plant Protection",0,HORTICULTURE,"ANDHRA PRADESH","LEAF WEBBER MANAGEMENT","RECOMMENDED TO SPRAY QUINOLPHOS 400 ML200 LITRES OF WATER   ACRE",15.9241,80.1864
TUNI,Fruits,2018,1,1,Mango,"EAST GODAVARI","Plant Protection",nan,HORTICULTURE,"ANDHRA PRADESH","mango leaf webber management","recommended to spray quinophos 2ml lit of water recommended to spray  THIAMETHOXAM 03 GRAMS  or IMIDACLOPRID 03 ml   LITERS OF WATER    RECOMMENDED TO SPRAY CARBENDAZIM  1gm  lit of water",16.9957,81.7154
THALLAREVU,Fruits,2018,4,17,Mango,"EAST GODAVARI","Plant Protection",nan,HORTICULTURE,"ANDHRA PRADESH","MANGO LEAF WEBBER  FLOWER  FRUIT DROP MANAGEMENT","RECOMMENDED TO SPRAY LAMBDA CYHALOTHRIN 15  LIT OF WATER RECOMMENDED TO SPRAY NAPHTHALENE ACETIC ACID 5ML  20 LIT OF WATER",16.9957,81.7154
GANGAVARAM,Fruits,2018,12,15,Mango,"EAST GODAVARI","Plant Protection",0,HORTICULTURE,"ANDHRA PRADESH","LEAF WEBBER MANAGEMENT","RECOMMENDED TO SPRAY QUINOLPHOS 2 ML  LITER OF WATER",16.9957,81.7154
KOMAROLU,Fruits,2018,1,6,Mango,PRAKASAM,"Plant Protection",nan,HORTICULTURE,"ANDHRA PRADESH","MANGO LEAF WEBBER MANAGEMENT","RECOMMENDED TO SPRAY  CHLORPYRIFOS  500 ML200 LITRES OF WATER  ACRE",15.6643,79.4733
"NAGULUPPALA PADU",Fruits,2018,11,15,Mango,PRAKASAM,nan,0,HORTICULTURE,"ANDHRA PRADESH","MANGO LEAF WEBBER CATERPILLAR","RECOMMENDED TO SPRAY QUINOLPHOS 400 ML200 LITRES OF WATER   ACRE",15.6643,79.4733
VINJAMUR,Fruits,2018,1,19,Mango,NELLORE,"Plant Protection",nan,HORTICULTURE,"ANDHRA PRADESH","LEAF WEBBER MANAGEMENT IN MANGO","QUINALPHOS 2 ML IN 1 LITRE OF WATER",14.4494,79.9874
KOVUR,Fruits,2018,1,26,Mango,NELLORE,"Plant Protection",nan,HORTICULTURE,"ANDHRA PRADESH","mango leaf webber management","RECOMMENDED TO SPRAY  CHLORPYRIFOS  500 ML200 LITRES OF WATER  ACRE",14.4494,79.9874
RAPUR,Fruits,2018,1,31,Mango,NELLORE,"Plant Protection",nan,HORTICULTURE,"ANDHRA PRADESH","MANGO LEAF WEBBER MANAGEMENT","MANGO LEAF WEBBER MANAGEMENT RECOMMENDED TO SPRAY  CHLORPYRIFOS  500 ML200 LITRES OF WATER  ACRE",14.4494,79.9874
JALADANKI,Fruits,2018,2,3,Mango,NELLORE,"Agriculture Mechanization",nan,HORTICULTURE,"ANDHRA PRADESH","MANGO LEAF WEBBER","RECOMMENDED TO SPRAY  CHLORPYRIFOS  500 ML200 LITRES OF WATER  ACRE",14.4494,79.9874
PODALAKUR,Fruits,2018,3,24,Mango,NELLORE,"Plant Protection",nan,HORTICULTURE,"ANDHRA PRADESH","mango leaf webber management","RECOMMENDED TO SPRAY  CHLORPYRIFOS  500 ML200 LITRES OF WATER  ACRE",14.4494,79.9874
VELDURTHI,Fruits,2018,1,19,Mango,KURNOOL,"Plant Protection",nan,HORTICULTURE,"ANDHRA PRADESH","MANGO LEAF WEBBER MANAGEMENT","recommended to spray Quinalphos 2 ml  lit",15.8309,78.0425
DEVANAKONDA,Fruits,2018,5,14,Mango,KURNOOL,"Plant Protection",nan,HORTICULTURE,"ANDHRA PRADESH","mango leaf webber management","RECOMMENDED TO SPRAY CARBARIL  600 GRAMS 200 LITRES OF WATER ACRE",15.8309,78.0425
"DHONE ALIAS DRONACHALAM",Fruits,2018,10,31,Mango,KURNOOL,nan,0,HORTICULTURE,"ANDHRA PRADESH","LEAF WEBBER","RECOMMENDED TO SPRAY QUINOLPHOS 2ML PER LITRE",15.8309,78.0425
VELDURTHI,Fruits,2018,11,5,Mango,KURNOOL,nan,0,HORTICULTURE,"ANDHRA PRADESH","mango leaf webber management","RECOMMENDED TO SPRAY PROFENOFOS 400 ML200 LITRES OF WATER   ACRE",15.8309,78.0425
CHENNEKOTHAPALLE,Fruits,2018,1,3,Mango,ANANTPUR,"Plant Protection",nan,HORTICULTURE,"ANDHRA PRADESH","mango leaf webber management","Recommended to spray quinalphos 2ml  lit of water",13.5747,78.5029
TALUPULA,Fruits,2018,3,19,Mango,ANANTPUR,"Agriculture Mechanization",nan,HORTICULTURE,"ANDHRA PRADESH","LEAF WEBBER MANAGEMENT IN MANGO","RECOMMENDED TO SPRAY  CHLORPYRIFOS  500 ML200 LITRES OF WATER  ACRE",13.5747,78.5029
ATMAKUR,Fruits,2018,6,28,Mango,ANANTPUR,"Plant Protection",nan,HORTICULTURE,"ANDHRA PRADESH","management of mango leaf webber","RECOMMENDED TO SPRAY  CHLORPYRIFOS  500 ML200 LITRES OF WATER  ACRE",13.5747,78.5029
CHENNEKOTHAPALLE,Fruits,2018,10,12,Mango,ANANTPUR,nan,0,HORTICULTURE,"ANDHRA PRADESH","mango leaf webber management","RECOMMENDED TO SPRAY quinalaofos 400 ML200 LITRES OF WATER   ACRE",13.5747,78.5029
SETTUR,Fruits,2018,12,3,Mango,ANANTPUR,"Plant Protection",0,HORTICULTURE,"ANDHRA PRADESH","LEAF WEBBER MANAGEMENT","RECOMMENDED TO SPRAY QUINALPHOS 25 EC  400 ML200 LITRES OF WATER   ACRE",13.5747,78.5029
GUDIPALA,Fruits,2018,1,5,Mango,CHITTOOR,"Plant Protection",KHARIF,HORTICULTURE,"ANDHRA PRADESH","MANGO LEAF WEBBER CONTROL","RECOMMENDED TO SPRAY  CHLORPYRIFOS  500 ML200 LITRES OF WATER  ACRE",13.2026,79.0032
GUDIPALA,Fruits,2018,1,5,Mango,CHITTOOR,"Plant Protection",nan,HORTICULTURE,"ANDHRA PRADESH","MANGO LEAF WEBBER CONTROL","RECOMMENDED TO SPRAY  CHLORPYRIFOS  500 ML200 LITRES OF WATER  ACRE AND SPRAY ACEPHATE 300 GRAMS 200 LITERS OF WATER  ACRE",13.2026,79.0032
NAGARI,Fruits,2018,1,8,Mango,CHITTOOR,"Agriculture Mechanization",nan,HORTICULTURE,"ANDHRA PRADESH","mango leaf webber management  nutrient management","RECOMMENDED TO SPRAY LAMBDA CYHALOTHRIN 2ml  LITRES OF WATER  recommended to spray micro nutrient mixture 5 gm  lit of water",13.2026,79.0032
CHANDRAGIRI,Fruits,2018,1,25,Mango,CHITTOOR,"Plant Protection",nan,HORTICULTURE,"ANDHRA PRADESH","MANGO LEAF WEBBER MANAGEMENT","MANGO LEAF WEBBER MANAGEMENTRECOMMENDED TO SPRAY QUINOLPFOS         2 MLLITER OF WATER",13.2026,79.0032
SOMALA,Fruits,2018,3,18,Mango,CHITTOOR,"Agriculture Mechanization",nan,HORTICULTURE,"ANDHRA PRADESH","MANGO LEAF WEBBER  SOOTY MOULD MANAGEMENT","RECOMMENDED TO SPRAY LAMBDA CYHALOTHRIN 2ML  LIT OF WATER RECOMMENDED TO SPRAY COPPER OXY CHLORIDE 3GM  LIT OF WATER",13.2026,79.0032
PUTTUR,Fruits,2018,11,8,Mango,CHITTOOR,nan,0,HORTICULTURE,"ANDHRA PRADESH","leaf webber management","quinalphos 2ml per litre",13.2026,79.0032
GANGAVARAM,Fruits,2018,12,4,Mango,CHITTOOR,"Plant Protection",0,HORTICULTURE,"ANDHRA PRADESH","LEAF WEBBER MANAGEMENT","RECOMMENDED TO SPRAY PROFENOFOS 400 ML200 LITRES OF WATER   ACRE",13.2026,79.0032
GUDIPALA,Fruits,2018,12,21,Mango,CHITTOOR,"Plant Protection",0,HORTICULTURE,"ANDHRA PRADESH","MANGO LEAF WEBBER MANAGEMENT","RECOMMENDED TO SPRAY QUINOLOPHOS 2 ML  1 LITER OF WATER",13.2026,79.0032
CHIKHALI,Fruits,2018,10,18,Mango,NAVSARI,nan,0,HORTICULTURE,GUJARAT,"Ask about leaf webber problem in Mango","Suggested: Lambda cyhalothrin 5 EC 20-25 mlpump spray",20.9524,72.9324
AGALPUR,Fruits,2018,9,7,Mango,BALANGIR,"Cultural Practices",nan,HORTICULTURE,ODISHA,"LEAF WEBBER IN MANGO","RECOMMENDED TO SPRAY QUINALPHOS 25ECEKALUX2 ML PER 1 LITRE WATER TO CONTROL LEAF WEBBER IN MANGO",20.6095,83.1673
BEGUNIAPADA,Fruits,2018,12,18,Mango,GANJAM,"Plant Protection",0,HORTICULTURE,ODISHA,"LEAF WEBBER IN MANGO","RECOMMENDED TO SPRAY QUINALPHOS 25ECEKALUX2 ML PER LITRE OF WATER TO CONTROL LEAF WEBBER IN MANGO",19.609,84.7081
NARALA,Fruits,2018,1,28,Mango,KALAHANDI,"Plant Protection",nan,HORTICULTURE,ODISHA,"LEAF WEBBER ATTACK IN MANGO","RECOMMENDED TO SPRAY QUINALPHOS 2ML 1 LIT WATER",19.8266,83.0409
DERABISH,Fruits,2018,12,6,Mango,KENDRAPARA,"Bio-Pesticides and Bio-Fertilizers",0,HORTICULTURE,ODISHA,"LEAF WEBBER IN MANGO","RECOMMENDED TO SPRAY PHOSALONE 35EC  2ML1 LITER OF WATER FOR CONTROL OF LEAF WEBBER IN MANGO",20.5475,86.5296
KANTAMAL,Fruits,2018,7,24,Mango,BAUDH,"Plant Protection",nan,HORTICULTURE,ODISHA,"LEAF WEBBER IN MANGO","RECOMMENDED TO SPRAY QUINALPHOS 25 EC 2 ML1 LITER OF WATER",20.8416,84.3213
KANTAMAL,Fruits,2018,12,8,Mango,BAUDH,"Plant Protection",0,HORTICULTURE,ODISHA,"LEAF WEBBER IN MANGO","RECOMMENDED TO SPRAY QUINALPHOS 25ECEKALUX2 ML PER LITRE OF WATER TO CONTROL LEAF WEBBER IN MANGO",20.8416,84.3213
BHEDEN,Fruits,2018,1,7,Mango,BARGARH,"Bio-Pesticides and Bio-Fertilizers",nan,HORTICULTURE,ODISHA,"LEAF WEBBER IN MANGO","SPRAY QUINALPHOS 2 MLLITER OF WATER",21.232,83.5653
REAMAL,Fruits,2018,2,13,Mango,DEBAGARH,"Bio-Pesticides and Bio-Fertilizers",nan,HORTICULTURE,ODISHA,"LEAF WEBBER IN MANGO","SPRAY CARBARYL 50WP 30ML IN 15 LITRE OF WATER",21.4478,84.7174
PAPPIREDDIPATTY,Fruits,2018,1,17,Mango,DHARMAPURI,"Plant Protection",RABI,HORTICULTURE,TAMILNADU,"asking about Shoot leaf webber in mango","recommended fro spray Triazophos 2MLLIT",12.1456,78.1132
KEELAPAVOOR,Fruits,2018,5,28,Mango,TIRUNELVELI,"Plant Protection",JAYAD,HORTICULTURE,TAMILNADU,"Asking about Leaf webber in mango","Recommended to spray Profenophos 2ml teepol 1mllit of water",8.72031,77.7075
TIRUCHULI,Fruits,2018,2,13,Mango,VIRUDHUNAGAR,"Plant Protection",RABI,HORTICULTURE,TAMILNADU,"asking about mango leaf webber management","recommended for spray propiniophos -2 ml lit of water",9.49263,77.8632
KARIAPATTI,Fruits,2018,7,26,Mango,VIRUDHUNAGAR,"Nutrient Management",JAYAD,HORTICULTURE,TAMILNADU,"asking about leaf webber in mango","Recommended to spray Profenophos 2mllit of water",9.49263,77.8632
VEPPANTHATTAI,Fruits,2018,1,21,Mango,PERAMBALUR,"Plant Protection",RABI,HORTICULTURE,TAMILNADU,"asking about mango leaf webber management","recommended for spray propinophos - 2 ml lit of water",11.2903,78.93
TIRUPPATHUR,Fruits,2018,7,24,Mango,SIVAGANGA,"Plant Protection",KHARIF,HORTICULTURE,TAMILNADU,"Asked about mango leaf webber management","recommended for spray monochrotophos 2 ml  litre of water",9.84869,78.487
TIRUPPATHUR,Fruits,2018,7,26,Mango,SIVAGANGA,"Plant Protection",JAYAD,HORTICULTURE,TAMILNADU,"asking about leaf webber in mango","Recommended to spray Profenophos 2mllit of water",9.84869,78.487
Dharapuram,Fruits,2018,1,12,Mango,TIRUPUR,"Plant Protection",RABI,HORTICULTURE,TAMILNADU,"Asked about mango leaf webber management","recommended for spray profenophos 2 ml litre of water",11.1672,77.3473
SHAHPUR,Fruits,2018,1,23,Mango,MUZAFFARNAGAR,"Plant Protection",RABI,HORTICULTURE,"UTTAR PRADESH","Leaf webber control in gram information ","Monocrotophos 36 SL 15 mlliter paani mein spray kare",29.4497,77.7429
DHATA,Fruits,2018,11,29,Mango,FATEHPUR,"Plant Protection",0,HORTICULTURE,"UTTAR PRADESH","Leaf webber control  in Mango plants ","Spray Quinalphos 25 EC at 2 ml  liters of water",25.8348,80.9155
SIDHAULI,Fruits,2018,12,19,Mango,SITAPUR,"Cultural Practices",0,HORTICULTURE,"UTTAR PRADESH","Leaf Webber control in Mango plants ","Quinalphos spray 25 EC at 300 ml  acre in 150 liters of water",27.5027,80.8335
RANIPUR,Fruits,2018,12,27,Mango,MAU,"Plant Protection",0,HORTICULTURE,"UTTAR PRADESH","control of leaf webber in mango","kisan bhai aam ke pe me quinolphos 25  ec 2m dwa prati lier paani ki dar se ghol bnakar chidkaw kare",26.0391,83.4986
SITAPUR,Fruits,2018,12,9,Mango,SURGUJA,"Plant Protection",0,HORTICULTURE,CHHATTISGARH,"Farmer is having the problem of leaf webber in mango","Information provided by KCC was- For controlling leaf webber Triazophos 40 EC  40-50 mlpump can be sprayed and also the affected part of the plant should be removed",22.9469,83.1657
WANKIDI,Fruits,2018,1,9,Mango,"KUMARAMBHEEM ASIFABAD","Agriculture Mechanization",nan,HORTICULTURE,TELANGANA,"leaf webber in mango","RECOMMENDED TO SPRAY  CHLORPYRIFOS  500 ML200 LITRES OF WATER  ACRE",17.8496,79.1152
VISSANNAPET,Fruits,2019,9,2,Mango,KRISHNA,"Plant Protection",nan,HORTICULTURE,"ANDHRA PRADESH"," LEAF WEBBER MANAGEMENT  IN MANGO",nan,16.2128,81.0307
RAJUPALEM,Fruits,2019,3,28,Mango,"Y S R ","Plant Protection",nan,HORTICULTURE,"ANDHRA PRADESH","MANGO LEAF WEBBER CONTROL",nan,15.9241,80.1864
RAJUPALEM,Fruits,2019,3,28,Mango,"Y S R ","Plant Protection",nan,HORTICULTURE,"ANDHRA PRADESH","LEAF WEBBER CONTROL ",nan,15.9241,80.1864
KVBPURAM,Fruits,2019,1,6,Mango,CHITTOOR,"Plant Protection",nan,HORTICULTURE,"ANDHRA PRADESH","LEAF WEBBER MANAGEMENT","RECOMMENDED TO SPRAY    NOVALURAN  300 ML 200 LITRES OF WATER  ACRE  ",13.2026,79.0032
YERPEDU,Fruits,2019,2,20,Mango,CHITTOOR,"Plant Protection",nan,HORTICULTURE,"ANDHRA PRADESH","leaf webber management"," RECOMMENDED TO SPRAY CHLORPYRIFOS  500 ML200 LITRES OF WATER  ACRE",13.2026,79.0032
SOMALA,Fruits,2019,9,2,Mango,CHITTOOR,"Plant Protection",nan,HORTICULTURE,"ANDHRA PRADESH","ABOUT MANAGEMENT OF MANGO LEAF WEBBER",nan,13.2026,79.0032
ANAND,Fruits,2019,12,13,Mango,ANAND,"Plant Protection",nan,HORTICULTURE,GUJARAT,"Ask about leaf webber problem in mango ",nan,22.5587,72.9627
MADAPPALLY,Fruits,2019,2,16,Mango,KOTTAYAM,"Plant Protection",nan,HORTICULTURE,KERALA,"MANGO LEAF WEBBER ATTACK","recommended to spray neem oil garlic emulsion neem oil -20 ml garlic juice- 20 numbers bar soap  -5 gram make upto one litre using waterrecommended to spray QUINALPHOS 25 EC 2 ML PER LITRE WATER",9.62874,76.6455
IDUKKI,Fruits,2019,3,25,Mango,IDUKKI,"Plant Protection",nan,HORTICULTURE,KERALA,"Leaf webber attack in mango",nan,9.81548,76.9992
PALAKKAD,Fruits,2019,8,27,Mango,PALAKKAD,"Plant Protection",nan,HORTICULTURE,KERALA,"Leaf webber attack in Mango tree ",nan,10.7874,76.4742
KODUVALLY,Fruits,2019,3,1,Mango,KOZHIKODE,"Plant Protection",nan,HORTICULTURE,KERALA,"leaf webber attack in mango",nan,11.2451,75.7755
PATNAGARH,Fruits,2019,12,1,Mango,BALANGIR,"Plant Protection",nan,HORTICULTURE,ODISHA,"Mango leaf webber",nan,20.6095,83.1673
ATHAGAD,Fruits,2019,10,22,Mango,CUTTACK,"Bio-Pesticides and Bio-Fertilizers",nan,HORTICULTURE,ODISHA,"Mango leaf webber ",nan,20.4686,85.8792
JAYAPATNA,Fruits,2019,10,10,Mango,KALAHANDI,"Plant Protection",nan,HORTICULTURE,ODISHA,"Leaf webber in mango ",nan,19.8266,83.0409
GOP,Fruits,2019,3,11,Mango,PURI,"Plant Protection",nan,HORTICULTURE,ODISHA,"Leaf webber in Mango",nan,19.8076,85.8253
NUAPADA,Fruits,2019,12,22,Mango,NAWAPARA,"Plant Protection",nan,HORTICULTURE,ODISHA,"leaf webber in Mango ",nan,21.1447,82.9432
GAISILET,Fruits,2019,12,24,Mango,BARGARH,"Plant Protection",nan,HORTICULTURE,ODISHA,"Mango Leaf Webber",nan,21.232,83.5653
NEMILI,Fruits,2019,1,15,Mango,VELLORE,"Plant Protection",nan,HORTICULTURE,TAMILNADU,"Asking about  leaf webber management in mango ","Recommended for spray Fipronil 2 ml litre of water",12.9022,79.0611
UPPILIAPURAM,Fruits,2019,1,14,Mango,TIRUCHIRAPPALLI,"Plant Protection",nan,HORTICULTURE,TAMILNADU,"Asking about leaf webber management in mango ","Recommended for spray dichlorvos 1 ml litre of water",10.8071,78.6881
MATHUR,Fruits,2019,8,15,Mango,KRISHNAGIRI,"Plant Protection",nan,HORTICULTURE,TAMILNADU,"Asking about leaf webber in Mango",nan,12.5152,78.0094
GANGOH,Fruits,2019,6,3,Mango,SAHARANPUR,"Plant Protection",nan,HORTICULTURE,"UTTAR PRADESH","Leaf Webber insect control in Mango plants ",nan,29.9857,77.5041
JAYPUR,Fruits,2019,12,22,Mango,BANKURA,"Plant Protection",nan,HORTICULTURE,"WEST BENGAL","ASKING ABOUT CONTROL OF MANGO LEAF WEBBER",nan,23.1324,87.2082
CHHURRA,Fruits,2019,2,9,Mango,Gariyaband,"Plant Protection",nan,HORTICULTURE,CHHATTISGARH,"Farmer wants to know about the management of the leaf webber","Dear farmer kindly spray of the carbaryl at 50 WP  15 gram per pump 15 liter  or 150 gram in 150 liter of water      ",20.5268,82.1917
ALAMPUR,Fruits,2019,9,16,Mango,"JOGULAMBA GADWAL","Plant Protection",nan,HORTICULTURE,TELANGANA,"MANGO LEAF WEBBER",nan,16.0999,77.7342
WADDEPALLE,Fruits,2019,9,19,Mango,"JOGULAMBA GADWAL","Plant Protection",nan,HORTICULTURE,TELANGANA,"MANAGEMENT OF MANGO LEAF WEBBER",nan,16.0999,77.7342
GADWAL,Fruits,2019,12,29,Mango,"JOGULAMBA GADWAL","Plant Protection",nan,HORTICULTURE,TELANGANA,"MANAGEMENT OF MANGO LEAF WEBBER",nan,16.0999,77.7342
WEEPANAGANDLA,Fruits,2019,10,15,Mango,WANAPARTHY,"Plant Protection",nan,HORTICULTURE,TELANGANA,"MANAGEMENT OF MANGO LEAF WEBBER",nan,16.2853,77.9865
GANGAVARAM,Fruits,2020,1,1,Mango,"EAST GODAVARI","Plant Protection",nan,HORTICULTURE,"ANDHRA PRADESH","mango leaf webber management","Application of Phosalone 35 EC  2 mllit will control webber",16.9957,81.7154
"RAJAHMUNDRY RURAL",Fruits,2020,2,18,Mango,"EAST GODAVARI","Plant Protection",nan,HORTICULTURE,"ANDHRA PRADESH","mango leaf webber management ","RECOMMENDED TO SPRAY  AMBITION 250 ML PER ACRE",16.9957,81.7154
PRATHIPADU,Fruits,2020,2,23,Mango,"EAST GODAVARI","Plant Protection",nan,HORTICULTURE,"ANDHRA PRADESH","MANGO LEAF WEBBER MANAGEMENT  ","RECOMMENDED TO SPRAY HEXACONAZOLEZINEB AVTAR 500 GRAMS  150 LITERS OF WATER ACRE           500  150          ",16.9957,81.7154
VISSANNAPET,Fruits,2020,2,17,Mango,KRISHNA,"Plant Protection",nan,HORTICULTURE,"ANDHRA PRADESH","MANGO LEAF  EATING CATERPILLAR  LEAF WEBBER MANAGEMENT","recommended to spray lancer gold acephate imidacloprid 400 gmacre ",16.2128,81.0307
REDDIGUDEM,Fruits,2020,10,1,Mango,KRISHNA,"Plant Protection",nan,HORTICULTURE,"ANDHRA PRADESH","mango leaf webber management ","    500     200          ",16.2128,81.0307
ROMPICHERLA,Fruits,2020,1,27,Mango,GUNTUR,"Plant Protection",nan,HORTICULTURE,"ANDHRA PRADESH","mango leaf webber management ","--Soak castor cake at 1 kg in 5 liter of water in small mud pots and keep them in the coconut gardens to attract and kill the adultsApply mixture of either neem seed powder  sand 1:2 150 g per palm or neem seed kernel powder  sand 1:2 150 g per palm in the base of the 3 inner most leaves in the crown",16.2915,80.4542
MUDIGUBBA,Fruits,2020,9,4,Mango,ANANTPUR,"Plant Protection",nan,HORTICULTURE,"ANDHRA PRADESH","MANGO LEAF WEBBER MANAGEMENT ","   400   200         ",13.5747,78.5029
THAVANAMPALLE,Fruits,2020,9,17,Mango,CHITTOOR,"Plant Protection",nan,HORTICULTURE,"ANDHRA PRADESH","MANGO LEAF WEBBER MANAGEMENT ","  320    200         ",13.2026,79.0032
KAMBHAMVARIPALLE,Fruits,2020,10,26,Mango,CHITTOOR,"Plant Protection",nan,HORTICULTURE,"ANDHRA PRADESH","mango leaf webber management ","    500     200          ",13.2026,79.0032
BANGARUPALEM,Fruits,2020,10,29,Mango,CHITTOOR,"Plant Protection",nan,HORTICULTURE,"ANDHRA PRADESH","mango leaf Webber management ","RECOMMENDED TO SPRAY quinalofos  400 ML200 LITRES OF WATER   ACRE      90    150          RECOMMENDED TO SPRAY LAMBDA CYHALOTHRIN KARATE 400 ML 200 LITRES OF WATER   ACRE     400      200       ",13.2026,79.0032
"0   ",Fruits,2020,2,12,Mango,ERNAKULAM,"Plant Protection",nan,HORTICULTURE,KERALA,"Mango leaf webber attack","Recommended to spray neem oil emulsion 2",9.98408,76.2741
KOOVAPPADY,Fruits,2020,10,15,Mango,ERNAKULAM,"Plant Protection",nan,HORTICULTURE,KERALA,"Leaf webber attack in MANGO ","Suggested to prepare  neem oil  garlic emulsion 20 ml neem oil 20 g garlic and 5 g sunlight bar soap are required Slice the bar soap and dissolve in 50 ml lukewarm water Grind 20 g of garlic take the extract and 20 ml neem oil in 50 ml water Mix them well together and then add 900 ml water and spray to plants",9.98408,76.2741
VYTTILA,Fruits,2020,11,25,Mango,ERNAKULAM,"Plant Protection",nan,HORTICULTURE,KERALA,"Leaf webber attack in mango","Recommended to prune and burn the infested shoots Raking of soil around the base of the tree is effective in checking the pest population Spray neem oil garlic emulsion once in aweek",9.98408,76.2741
PATNAGARH,Fruits,2020,1,24,Mango,BALANGIR,"Plant Protection",nan,HORTICULTURE,ODISHA,"Leaf webber in mango ","Advised to contact ICAR-Central Horticultural Experiment Station AIGINIA NH-5 Bhubaneswar-751019 Orissa 0674- 24717122471867",20.6095,83.1673
SAINTALA,Fruits,2020,2,25,Mango,BALANGIR,"Plant Protection",nan,HORTICULTURE,ODISHA," Leaf webber in Mango ","Recommended to spray Indoxacarb 158 EC  6 ml in 15 Litre water to control Leaf webber in Mango ",20.6095,83.1673
SAINTALA,Fruits,2020,3,2,Mango,BALANGIR,"Plant Protection",nan,HORTICULTURE,ODISHA,"Leaf webber  hairy caterpillar problem in mango","Recommended to spray Chloropyriphos 50 EC  Cypermethrin 5 EC  400 ml per 200 litre of water per acre of land2ml per litre of water with neem oil  3ml per litre of water to control  Leaf webber  hairy caterpillar problem in mango",20.6095,83.1673
KEERAPALAYAM,Fruits,2020,10,31,Mango,CUDDALORE,"Field Preparation",nan,HORTICULTURE,TAMILNADU,"Asking about Ants and leaf webber management for Mango ",":        :  3     1   1    ",11.5202,79.3396
TIRUVIDAIMARUDUR,Fruits,2020,9,26,Mango,THANJAVUR,"Plant Protection",nan,HORTICULTURE,TAMILNADU,"Asking about Leaf webber management in Mango "," :     :      2     ",10.659,79.2014
BODINAYAKKANUR,Fruits,2020,2,22,Mango,THENI,"Plant Protection",nan,HORTICULTURE,TAMILNADU,"Asking about Mango leaf webber management "," :         :    3           10                10        10              30           9    ",9.86926,77.4223
THIRUMARUGAL,Fruits,2020,10,6,Mango,NAGAPATTINAM,"Plant Protection",nan,HORTICULTURE,TAMILNADU,"Asking about mango leaf webber management ",":        :  2       ",10.6026,79.7619
"MUNGRA BADSHAH PUR",Fruits,2020,7,21,Mango,JAUNPUR,"Plant Protection",nan,HORTICULTURE,"UTTAR PRADESH","Control for Leaf webber in Mango Plant   ","        36 SL  2 ml             ",25.7967,82.4889
HILAULI,Fruits,2020,6,7,Mango,UNNAO,"Plant Protection",nan,HORTICULTURE,"UTTAR PRADESH","Information about management of leaf webber for mango crop ","   Quinalphos 25 EC  2 ml         ",26.5673,80.6198
SANTURI,Fruits,2020,2,10,Mango,PURULIA,"Plant Protection",nan,HORTICULTURE,"WEST BENGAL","ASKING ABOUT CONTROL OF MANGO LEAF WEBBER"," SPRAY   DIMETHOATE 30 EC  2 ML   LIT OF WATER",23.2021,86.3229
SARANGARH,Fruits,2020,2,4,Mango,RAIGARH,"Plant Protection",nan,HORTICULTURE,CHHATTISGARH,"Farmer want information regarding the control of leaf Webber in Mango plant",nan,22.2362,83.353
BIRNI,Fruits,2020,12,6,Mango,GIRIDIH,"Plant Protection",nan,HORTICULTURE,JHARKAND,"farmer asked query on leaf webber in mango","--               36  005  2ml 1      15             25  005  2ml 1      15             10G  10        ",24.3315,86.1548
MAHAGAMA,Fruits,2020,11,4,Mango,GODDA,"Plant Protection",nan,HORTICULTURE,JHARKAND,"farmer asked query on leaf webber manag in mango","--              25 EC   36 EC   1ml            i",24.8646,87.2985
KODAKANDLA,Fruits,2020,1,11,Mango,JANGAON,"Plant Protection",nan,HORTICULTURE,TELANGANA,"MANGO LEAF WEBBER MANAGEMENT ",nan,17.7466,79.2407
KAGAZNAGAR,Fruits,2020,2,15,Mango,"KUMARAMBHEEM ASIFABAD","Plant Protection",nan,HORTICULTURE,TELANGANA,"management of mango leaf webber",nan,17.8496,79.1152
GARLA,Fruits,2020,2,15,Mango,MAHABUBABAD,"Plant Protection",nan,HORTICULTURE,TELANGANA,"management of mango leaf webber",nan,17.7139,80.0413
KURAVI,Fruits,2020,8,30,Mango,MAHABUBABAD,"Plant Protection",nan,HORTICULTURE,TELANGANA,"MANGO LEAF WEBBER","    500     200          ",17.7139,80.0413
GARLA,Fruits,2020,11,4,Mango,MAHABUBABAD,"Plant Protection",nan,HORTICULTURE,TELANGANA,"MANGO LEAF WEBBER MANAGEMENT "," RECOMMENDED TO SPRAY  CHLORPYRIFOS  500 ML200 LITRES OF WATER  ACRE    500     200          ",17.7139,80.0413
GARLA,Fruits,2020,12,13,Mango,MAHABUBABAD,"Plant Protection",nan,HORTICULTURE,TELANGANA,"MANGO LEAF WEBBER MANAGEMENT","  320       1   200        ",17.7139,80.0413
KOLLAPUR,Fruits,2020,2,10,Mango,NAGARKURNOOL,"Plant Protection",nan,HORTICULTURE,TELANGANA,"MANGO  LEAF WEBBER MANAGEMENT ",nan,16.4158,78.683
ACHAMPETA,Fruits,2020,11,18,Mango,NAGARKURNOOL,"Plant Protection",nan,HORTICULTURE,TELANGANA,"MANGO LEAF WEBBER MANAGEMENT ","   400      200      ",16.4158,78.683
MANTHANI,Fruits,2020,2,27,Mango,PEDDAPALLI,"Plant Protection",nan,HORTICULTURE,TELANGANA,"MANAGEMENT OF MANGO LEAF WEBBER",nan,18.6207,79.495
MADDIRALA,Fruits,2020,2,29,Mango,SURYAPET,"Plant Protection",nan,HORTICULTURE,TELANGANA,"MANGO LEAF WEBBER  MANAGEMENT ",nan,17.08,79.7925
GANTYADA,Fruits,2021,10,16,Mango,VIZIANAGARM,"Plant Protection",nan,HORTICULTURE,"ANDHRA PRADESH","farmer asked about leaf webber control in mango","RECOMMENDED TO SPRAY MONOCROTOPHOS NUVACRON 320 ML 200 LITRES OF WATER ACRE   320    200         ",15.9241,80.1864
RAJANAGARAM,Fruits,2021,3,27,Mango,"EAST GODAVARI","Plant Protection",nan,HORTICULTURE,"ANDHRA PRADESH","LEAF WEBBER IN MANGO ","  RECOMMENDED TO SPRAY  CHLORPYRIFOS  500 ML200 LITRES OF WATER  ACRE    500     200          ",16.9957,81.7154
RAJANAGARAM,Fruits,2021,3,27,Mango,"EAST GODAVARI","Plant Protection",nan,HORTICULTURE,"ANDHRA PRADESH","LEAF WEBBER IN MANGO ","  RECOMMENDED TO SPRAY  CHLORPYRIFOS  500 ML200 LITRES OF WATER  ACRE    500     200          ",16.9957,81.7154
GUDIVADA,Fruits,2021,9,13,Mango,KRISHNA,"Plant Protection",nan,HORTICULTURE,"ANDHRA PRADESH","FARMER ASKED QUERY ON LEAF WEBBER MANAGEMENT IN MANGO","RECOMMENDED TO SPRAY MONOCROTOPHOS NUVACRON 16 ML 1 LITRES OF WATER ACRE  16     1        ",16.2128,81.0307
BUTCHIREDDIPALEM,Fruits,2021,3,26,Mango,NELLORE,"Plant Protection",nan,HORTICULTURE,"ANDHRA PRADESH","LEAF WEBBER MANAGEMENT IN MANGO","RECOMMENDED TO SPRAY LAMBDA CYHALOTHRIN KARATE 400 ML 200 LITRES OF WATER  ACRE     400      200       ",14.4494,79.9874
GUDUR,Fruits,2021,9,21,Mango,NELLORE,"Plant Protection",nan,HORTICULTURE,"ANDHRA PRADESH","Famer asked query leaf webber in mango ","  6   1          5    1              ",14.4494,79.9874
KRISHNAGIRI,Fruits,2021,1,29,Mango,KURNOOL,"Plant Protection",nan,HORTICULTURE,"ANDHRA PRADESH","MANGO LEAF WEBBER MANAGEMENT ","RECOMMENDED TO SPRAY LAMBDA CYHALOTHRIN KARATE 400 ML 200 LITRES OF WATER   ACRE     400      200       ",15.8309,78.0425
KRISHNAGIRI,Fruits,2021,1,29,Mango,KURNOOL,"Plant Protection",nan,HORTICULTURE,"ANDHRA PRADESH","MANGO LEAF WEBBER MANAGEMENT ","RECOMMENDED TO SPRAY EMAMECTIN BENZOATE PROCLAIM 90 GRAMS 150 LITRES OF WATER  ACRE      90    150          ",15.8309,78.0425
CHIPPAGIRI,Fruits,2021,3,18,Mango,KURNOOL,"Plant Protection",nan,HORTICULTURE,"ANDHRA PRADESH","MANGO LEAF WEBBER MANAGEMENT ","RECOMMENDED TO SPRAY LAMBDA CYHALOTHRIN KARATE 400 ML 200 LITRES OF WATER  ACRE     400      200       ",15.8309,78.0425
MADAKASIRA,Fruits,2021,1,23,Mango,ANANTPUR,"Plant Protection",nan,HORTICULTURE,"ANDHRA PRADESH","mango leaf Webber management ","    500     200          ",13.5747,78.5029
MADAKASIRA,Fruits,2021,1,23,Mango,ANANTPUR,"Plant Protection",nan,HORTICULTURE,"ANDHRA PRADESH","mango leaf Webber management"," 500    200        ",13.5747,78.5029
MADAKASIRA,Fruits,2021,1,23,Mango,ANANTPUR,"Plant Protection",nan,HORTICULTURE,"ANDHRA PRADESH","mango leaf webber management in mango"," 500    200        RECOMMENDED TO SPRAY THIODICARB LARVIN 300 GR 200 LITRES OF WATER  ACRE    300    200         ",13.5747,78.5029
GARLADINNE,Fruits,2021,12,17,Mango,ANANTPUR,"Plant Protection",nan,HORTICULTURE,"ANDHRA PRADESH"," Farmer asked query on LEAF WEBBER IN MANGO "," RECOMMENDED TO SPRAY CHLORPYRIFOS CORABONPREDATOR 500 ML200 LITRES OF WATER  ACRE    500     200          ",13.5747,78.5029
GARLADINNE,Fruits,2021,12,17,Mango,ANANTPUR,"Plant Protection",nan,HORTICULTURE,"ANDHRA PRADESH"," Farmer asked query on LEAF WEBBER IN MANGO "," RECOMMENDED TO SPRAY CHLORPYRIFOS CORABONPREDATOR 500 ML200 LITRES OF WATER  ACRE    500     200          ",13.5747,78.5029
NANDALUR,Fruits,2021,3,22,Mango,"Y S R ","Plant Protection",nan,HORTICULTURE,"ANDHRA PRADESH","LEAF WEBBER CONTROL IN MANGO ","RECOMMENDED TO SPRAY  CHLORPYRIFOS  CORABONPREDATOR 500 ML200 LITRES OF WATER  ACRE    500     200          ",15.9241,80.1864
NAGARI,Fruits,2021,9,3,Mango,CHITTOOR,"Plant Protection",nan,HORTICULTURE,"ANDHRA PRADESH","mango leaf webber management ","    500     200            320    200         ",13.2026,79.0032
BANGARUPALEM,Fruits,2021,9,4,Mango,CHITTOOR,"Plant Protection",nan,HORTICULTURE,"ANDHRA PRADESH","Farmer asked query on mango leaf webber control management ","    500     200          RECOMMENDED TO SPRAY quinalofos  400 ML200 Liters OF WATER   ACRE ",13.2026,79.0032
JAJPUR,Fruits,2021,1,10,Mango,JAJAPUR,"Plant Protection",nan,HORTICULTURE,ODISHA,"Mango leaf webber infestation","Recommended to spray Lambda Cyhalothrin 5 EC  15 ml per 15 litre of water to control mango leaf webber",20.8278,86.3798
BALIANTA,Fruits,2021,12,11,Mango,KHORDHA,"Plant Protection",nan,HORTICULTURE,ODISHA,"Leaf webber in mango ","Recommended to spray  Chlorpyrifos 50 EC   2 ml per  litre of water to control Leaf webber in mango ",20.0538,85.5023
PANRUTI,Fruits,2021,4,17,Mango,CUDDALORE,"Plant Protection",nan,HORTICULTURE,TAMILNADU,"Asked about mango leaf webber management",":     :  5  1     ",11.5202,79.3396
ANAICUT,Fruits,2021,3,22,Mango,VELLORE,"Plant Protection",nan,HORTICULTURE,TAMILNADU,"Asking about mango leaf Webber management in mango"," :         : 2     3    1         ",12.9022,79.0611
KATPADI,Fruits,2021,9,13,Mango,VELLORE,"Plant Protection",nan,HORTICULTURE,TAMILNADU,"Asking about control hopper Leaf webber and leaf twisting weevil in Mango"," :          :  1 5    1    ",12.9022,79.0611
MANAPPARAI,Fruits,2021,4,18,Mango,TIRUCHIRAPPALLI,"Plant Protection",nan,HORTICULTURE,TAMILNADU,"Asking about Fruit fly and leaf webber management in mango "," :         :  2      ",10.8071,78.6881
ALATHUR,Fruits,2021,2,1,Mango,PERAMBALUR,"Plant Protection",nan,HORTICULTURE,TAMILNADU,"Asked about flower webber and leaf webber management in mango","          : 2     3        ",11.2903,78.93
NATTAM,Fruits,2021,3,20,Mango,DINDIGUL,"Plant Protection",nan,HORTICULTURE,TAMILNADU,"Asking about control Leaf webber in mango"," :       : 10      8      ",10.4257,77.8157
NATTAM,Fruits,2021,3,20,Mango,DINDIGUL,"Plant Protection",nan,HORTICULTURE,TAMILNADU,"Asking about control Leaf webber and Budworm in mango"," :           : 10     8     ",10.4257,77.8157
NATTAM,Fruits,2021,3,20,Mango,DINDIGUL,"Plant Protection",nan,HORTICULTURE,TAMILNADU,"Asking about control Leaf webber and Budworm in mango"," :          : 10     8     ",10.4257,77.8157
NATTAM,Fruits,2021,3,20,Mango,DINDIGUL,"Plant Protection",nan,HORTICULTURE,TAMILNADU,"Asking about control Leaf Webber and Budworm management in mango"," :          : 10      4     ",10.4257,77.8157
NATTAM,Fruits,2021,3,21,Mango,DINDIGUL,"Plant Protection",nan,HORTICULTURE,TAMILNADU,"asking about Leaf webber and Shoot webber management in Mango"," :          :  2      ",10.4257,77.8157
PERIYAKULAM,Fruits,2021,12,25,Mango,THENI,"Plant Protection",nan,HORTICULTURE,TAMILNADU,"Asking about Leaf caterpillar  leaf Webber management in mango ",":       :         ",9.86926,77.4223
VELDURTHI,Fruits,2022,1,10,Mango,KURNOOL,"Plant Protection",nan,HORTICULTURE,"ANDHRA PRADESH","farmer asked query on leaf Webber management in mango","-RECOMMENDED TO SPRAY DIMETHOATE ROGER 400 ML 200 LITRES OF WATER ACRE    400   200         ",15.8309,78.0425
VEDURUKUPPAM,Fruits,2022,1,12,Mango,CHITTOOR,"Plant Protection",nan,HORTICULTURE,"ANDHRA PRADESH","FARMER ASKED QUERY ABOUT LEAF WEBBER MANAGEMENT IN MANGO","RECOMMENDED TO SPRAY QUINOLPHOS  400 ML PER 200 LITERS PER ACRE",13.2026,79.0032
GUDVELLA,Fruits,2022,1,8,Mango,BALANGIR,"Plant Protection",nan,HORTICULTURE,ODISHA,"Leaf webber in mango ","Recommended to spray  Chlorpyrifos 50 EC   2 ml per litre of water to control Leaf webber in mango ",20.6095,83.1673
KALYANSINGPUR,Fruits,2022,1,11,Mango,RAYAGADA,"Plant Protection",nan,HORTICULTURE,ODISHA,"Mango leaf webber infestation ","Recommended to spray Quinalphos 25 EC   400 ml per 200 litre of water per 1 acre of land 2 ml per 1 litre water to control Mango leaf webber infestation ",19.4427,83.5873
TIRUVANNAMALAI,Fruits,2022,1,30,Mango,TIRUVANNAMALAI,"Plant Protection",nan,HORTICULTURE,TAMILNADU,"Asking about mango leaf hoppers and leaf webbers  pests managment","           2       ",12.4289,78.9992
PEDAVEGI,Fruits,2022,2,16,Mango,"WEST GODAVARI","Plant Protection",nan,HORTICULTURE,"ANDHRA PRADESH","FARMER ASKED QUERY ON SUCKING PEST MANAGEMENT IN MANGO- LEAF WEBBERS","RECOMMENDED TO SPRAY QUIZALOFOP 25 EC  2 MLLT WATER 400 ML200 LT PER ACRE",16.6443,81.5885
MARTUR,Fruits,2022,2,11,Mango,PRAKASAM,"Plant Protection",nan,HORTICULTURE,"ANDHRA PRADESH","farmer asked about leaf webber control in mango ","RECOMMENDED TO SPRAY MONOCROTOPHOS NUVACRON 320 ML 200 LITRES OF WATER ACRE   320    200         RECOMMENDED TO SPRAY AZADIRHACHTIN 5 ML  1 LITRE OF WATER 1500 ppm    5    1              ",15.6643,79.4733
KARVETINAGAR,Fruits,2022,2,11,Mango,CHITTOOR,"Plant Protection",nan,HORTICULTURE,"ANDHRA PRADESH","FARMER ASKED QUERY ABOUT LEAF WEBBER MANAGEMENT IN MANGO","RECOMMENDED TO SPRAY QUINOLPHOS  400 ML PER 200 LITERS OF WATER PER ACRE",13.2026,79.0032
BARI,Fruits,2022,2,10,Mango,JAJAPUR,"Plant Protection",nan,HORTICULTURE,ODISHA,"Leaf webber in mango ","Recommended to spray Emamectin Benzoate 5  SG  80 g per 200 litre of water per 1 acre of land 6 g per 15 Litre water",20.8278,86.3798
ALATHUR,Fruits,2022,2,8,Mango,PERAMBALUR,"Plant Protection",nan,HORTICULTURE,TAMILNADU,"Asking about Mango Leaf Webber management ",":     :  - 2      ",11.2903,78.93
"0   ",Fruits,2022,3,6,Mango,CHITTOOR,"Plant Protection",nan,HORTICULTURE,"ANDHRA PRADESH","MANGO LEAF WEBBER MANAGEMENT ","RECOMMENDED TO SPRAY   EMAMECTIN BENZOATE 90 GR  200 LITRES OF WATER  ACRE   ",13.2026,79.0032
TIRUPPATHUR,Fruits,2022,3,24,Mango,SIVAGANGA,"Plant Protection",nan,HORTICULTURE,TAMILNADU,"Asking about leaf webber management in mango"," :     :      50      ",9.84869,78.487
GOP,Fruits,2022,6,19,Mango,PURI,"Plant Protection",nan,HORTICULTURE,ODISHA,"Leaf webber in mango ","Recommended to spray Profenophos 50EC2ml per litre of water",19.8076,85.8253
GOP,Fruits,2022,6,27,Mango,PURI,"Plant Protection",nan,HORTICULTURE,ODISHA,"Leaf Webber in Mango","Recommended to spray Emamectin Benzoate 5SG  6 gram per  litre of water for control of Leaf Webber in Mango",19.8076,85.8253
KOLLAPUR,Fruits,2022,9,23,Mango,NAGARKURNOOL,"Plant Protection",nan,HORTICULTURE,TELANGANA,"MANGO LEAF WEBBER MANAGEMENT","    500     200          ",16.4158,78.683
ACHAMPETA,Fruits,2022,9,24,Mango,NAGARKURNOOL,"Plant Protection",nan,HORTICULTURE,TELANGANA,"MANGO LEAF WEBBER MANAGEMENT","   500     200          ",16.4158,78.683
KOHEDA,Fruits,2022,9,24,Mango,SIDDIPET,"Plant Protection",nan,HORTICULTURE,TELANGANA,"MANGO LEAF WEBBER MANAGEMENT","    500     200          ",18.0056,78.8961
KAJULURU,Fruits,2022,10,31,Mango,"EAST GODAVARI","Plant Protection",nan,HORTICULTURE,"ANDHRA PRADESH","FARMER ASKED QUERY ON LEAF WEBBER MANAGEMENT IN MANGO","RECOMMENDED TO SPRAY QUINALPHOS  SYNGENTA- EKALUX 400 ML PER ACRE WITH 200 LIT OF  WATER",16.9957,81.7154
VELDURTHI,Fruits,2022,10,19,Mango,KURNOOL,"Plant Protection",nan,HORTICULTURE,"ANDHRA PRADESH","farmer asked query about on mango leaf webber management","Spray chemicals based on lambda-cyhalothrin 5 EC 2mlliter of water ",15.8309,78.0425
VELDURTHI,Fruits,2022,10,19,Mango,KURNOOL,"Plant Protection",nan,HORTICULTURE,"ANDHRA PRADESH","farmer asked query about on mango leaf webber management","Spray chemicals based on lambda-cyhalothrin 5 EC 2mlliter of water ",15.8309,78.0425
VELDURTHI,Fruits,2022,10,19,Mango,KURNOOL,"Plant Protection",nan,HORTICULTURE,"ANDHRA PRADESH","farmer asked query about on mango leaf webber management","Spray chemicals based on lambda-cyhalothrin 5 EC 2mlliter of water ",15.8309,78.0425
VELDURTHI,Fruits,2022,10,19,Mango,KURNOOL,"Plant Protection",nan,HORTICULTURE,"ANDHRA PRADESH","farmer asked query about on mango leaf webber management","Spray chemicals based on lambda-cyhalothrin 5 EC 2mlliter of water ",15.8309,78.0425
VELDURTHI,Fruits,2022,10,19,Mango,KURNOOL,"Plant Protection",nan,HORTICULTURE,"ANDHRA PRADESH","farmer asked query about on mango leaf webber management","Spray chemicals based on lambda-cyhalothrin 5 EC 2mlliter of water ",15.8309,78.0425
VELDURTHI,Fruits,2022,10,19,Mango,KURNOOL,"Plant Protection",nan,HORTICULTURE,"ANDHRA PRADESH","farmer asked query about on mango leaf webber management","Spray chemicals based on lambda-cyhalothrin 5 EC 2mlliter of water ",15.8309,78.0425
ANANTAPUR,Fruits,2022,10,29,Mango,ANANTPUR,"Plant Protection",nan,HORTICULTURE,"ANDHRA PRADESH","FARMER ASKED QUERY ABOUT LEAF WEBBER MANAGEMENT IN MANGO","RECOMMENDED TO SPRAY AZADIRHACHTIN NEEM SEED KERNAL OIL   1 LITRE  200 LITRES OF WATER ACRE    1  200             RECOMMENDED TO SPRAY  CHLORPYRIFOS  CORABANPREDATOR 500 ML200 LITRES OF WATER  ACRE    500     200          ",13.5747,78.5029
BUKKAPATNAM,Fruits,2022,10,30,Mango,ANANTPUR,"Plant Protection",nan,HORTICULTURE,"ANDHRA PRADESH","FARMER ASKED QUERY ON LEAF WEBBER MANAGEMENT IN MANGO","--RECOMMENDED TO SPRAY QUINALPHOS  SYNGENTA- EKALUX 400 ML PER ACRE WITH 200 LIT OF  WATER",13.5747,78.5029
VANTHALI,Fruits,2022,10,8,Mango,JUNAGADH,"Plant Protection",nan,HORTICULTURE,GUJARAT,"ask about leaf webber control in mango","       Quinalphos 005 25-30      ",21.522,70.4582
PATNAGARH,Fruits,2022,10,30,Mango,BALANGIR,"Plant Protection",nan,HORTICULTURE,ODISHA,"Leaf webber in mango","Remove and destroy the webbed leaves along with larva and pupa and recommended to spray Profenophos 50EC2ml per litre of water",20.6095,83.1673
KODUMUDI,Fruits,2022,10,15,Mango,ERODE,"Plant Protection",nan,HORTICULTURE,TAMILNADU,"Asked about leaf webber management in mango ",":     :       2     ",11.4905,77.3505
KODIMIAL,Fruits,2022,10,13,Mango,JAGTIAL,"Plant Protection",nan,HORTICULTURE,TELANGANA,"leaf webber management in mango","    500     200          ",18.8214,78.9151
NANGANUR,Fruits,2022,10,21,Mango,SIDDIPET,"Plant Protection",nan,HORTICULTURE,TELANGANA,"LEAF WEBBER MANAGEMENT IN MANGO CROP"," 50 EC  320     200         ",18.0056,78.8961
DEVIPATNAM,Fruits,2022,11,4,Mango,"EAST GODAVARI","Plant Protection",nan,HORTICULTURE,"ANDHRA PRADESH","FARMER ASKED QUERY ABOUT ON MANGO LEAF WEBBER MANAGEMENT IN MANGO","RECOMMENDED TO SPRAY QUINOLPHOS 25 EC 2 ML 1 LTR OF WATER",16.9957,81.7154
MANAMADURAI,Fruits,2022,11,25,Mango,SIVAGANGA,"Plant Protection",nan,HORTICULTURE,TAMILNADU,"asked about leaf webber management in mango",":     :  2  1    ",9.84869,78.487
CHARAKONDA,Fruits,2022,11,11,Mango,NAGARKURNOOL,"Plant Protection",nan,HORTICULTURE,TELANGANA,"MANGO LEAF WEBBER MANAGEMENT ","  400     200        ",16.4158,78.683
WEEPANAGANDLA,Fruits,2022,11,1,Mango,WANAPARTHY,"Plant Protection",nan,HORTICULTURE,TELANGANA,"MANGO LEAF WEBBER MANAGEMENT ","    90    150          ",16.2853,77.9865
PENAGALUR,Fruits,2022,12,27,Mango,"Y S R ","Plant Protection",nan,HORTICULTURE,"ANDHRA PRADESH","leaf webber in mango ","RECOMMENDED TO SPRAY  Quinalphos 25 EC  300ml to 400ml 200 liter of waterAcre",15.9241,80.1864
LAKKAVARAPUKOTA,Fruits,2023,1,5,Mango,VIZIANAGARM,"Plant Protection",nan,HORTICULTURE,"ANDHRA PRADESH","farmer asked about leaf webber management in mango","RECOMMENDED TO SPRAY CHLORPYRIPHOS  25 ML PER LITRE OF WATER ",15.9241,80.1864
CHINAGANJAM,Fruits,2023,1,12,Mango,PRAKASAM,"Plant Protection",nan,HORTICULTURE,"ANDHRA PRADESH","farmer asked about leaf webber control in mango ","RECOMMENDED TO SPRAY MONOCROTOPHOS NUVACRON 320 ML 200 LITRES OF WATER ACRE   320    200         ",15.6643,79.4733
PUTTUR,Fruits,2023,1,20,Mango,CHITTOOR,"Plant Protection",nan,HORTICULTURE,"ANDHRA PRADESH","farmer asked about leaf webber control in mango ","RECOMMENDED TO SPRAY MONOCROTOPHOS NUVACRON 16 ML 1 LITRE OF WATER   16    1       RECOMMENDED TO SPRAY AZADIRHACHTIN NEEM OIL 5 ML  1 LITRE OF WATER     5    1              ",13.2026,79.0032
ANANDAPUR,Fruits,2023,1,16,Mango,KEONJHAR,"Plant Protection",nan,HORTICULTURE,ODISHA,"Leaf webber in mango","Recommended to spray Marker  Bifenthrin 10  EC   400 ml per 200 litre of water per 1 acre of land 2mllit water",21.5,85.5
BARI,Fruits,2023,1,30,Mango,JAJAPUR,"Plant Protection",nan,HORTICULTURE,ODISHA,"Mango leaf webber ","Recommended to spray carbaryl 50 WP  20 gm per plant to control mango leaf webber ",20.8278,86.3798
RANGAMPETA,Fruits,2023,2,12,Mango,"EAST GODAVARI","Plant Protection",nan,HORTICULTURE,"ANDHRA PRADESH","FARMER ASKED QUERY ON LEAF WEBBER MANAGEMENT IN MANGO","RECOMMENDED TO SPRAY FLUBENDIAMIDE  FAME 40 ML 200 LITRES OF WATER  ACRE     40     200                                                         ORDELEGATE INSECTICIDE SPINETORAM 117 SC160-180 ml per acre in 200 litres of water",16.9957,81.7154
SIDHOUT,Fruits,2023,2,25,Mango,"Y S R ","Plant Protection",nan,HORTICULTURE,"ANDHRA PRADESH","FARMER ASKED QUERY ON LEAF WEBBER IN MANGO","--RECOMMENDED TO SPRAY  Quinalphos 25 EC   400ML 200LITERS WATER ACRE800ml -1000ML500 liter of water",15.9241,80.1864
YADAMARI,Fruits,2023,2,24,Mango,CHITTOOR,"Plant Protection",nan,HORTICULTURE,"ANDHRA PRADESH","farmer asked query on leaf Webber management in mango","-RECOMMENDED TO SPRAY AZADIRHACHTIN 5 ML  1 LITRE OF WATER     5    1              -RECOMMENDED TO SPRAY  CHLORPYRIFOS  CORABANPREDATOR 500 ML200 LITRES OF WATER  ACRE    500     200          ",13.2026,79.0032
SULTHANABAD,Fruits,2023,2,23,Mango,PEDDAPALLI,"Plant Protection",nan,HORTICULTURE,TELANGANA,"LEAF WEBBERS MANAGEMENT IN MANGO CROP ","   500     200          ",18.6207,79.495
RANGAMPETA,Fruits,2023,3,12,Mango,"EAST GODAVARI","Nutrient Management",nan,HORTICULTURE,"ANDHRA PRADESH","FARMER ASKED QUERY ON LEAF WEBBER MANAGEMENT IN MANGO","RECOMMENDED TO SPRAY  Quinalphos 25 EC EKALUX 300ml to 400ml 200 liter of waterAcre",16.9957,81.7154
SAMBEPALLE,Fruits,2023,3,23,Mango,"Y S R ","Nutrient Management",nan,HORTICULTURE,"ANDHRA PRADESH","farmer asked about leaf webber control in mango ","   16    1       or     25     1            5    1              ",15.9241,80.1864
SAMBEPALLE,Fruits,2023,3,23,Mango,"Y S R ","Plant Protection",nan,HORTICULTURE,"ANDHRA PRADESH","farmer asked about leaf webber control in mango ","  16   1        or    25    1             5    1              ",15.9241,80.1864
THAVANAMPALLE,Fruits,2023,3,11,Mango,CHITTOOR,"Plant Protection",nan,HORTICULTURE,"ANDHRA PRADESH","FARMER ASKED ABOUT LEAF HOPPER  LEAF WEBBER MANAGEMENT","RECOMMENDED TO DRENCH CHLORPYRIFOS 25ML1 LITRE  OF WATER ",13.2026,79.0032
"MADURAI EAST",Fruits,2023,3,23,Mango,MADURAI,"Plant Protection",nan,HORTICULTURE,TAMILNADU,"Asked about Leaf Webber management for Mango "," :       :1      2   ",9.92612,78.1141
MANALMELKUDI,Fruits,2023,4,3,Mango,PUDUKKOTTAI,"Plant Protection",nan,HORTICULTURE,TAMILNADU,"asked about leaf webber management in mango"," :      :  3  1    ",10.2903,78.8174
VETAPALEM,Fruits,2023,4,16,Mango,PRAKASAM,"Plant Protection",nan,HORTICULTURE,"ANDHRA PRADESH","FARMER ASKE QUERY ON  LEAF WEBBER MANAGEMENT  IN MANGO","RECOMMENDED TO SPRAY QUINOLPHOS  2MLLITRE OF WATER",15.6643,79.4733
VEDARANYAM,Fruits,2023,4,18,Mango,NAGAPATTINAM,"Plant Protection",nan,HORTICULTURE,TAMILNADU,"Asked about Leaf webber management in Mango "," :       :   5   1      ",10.6026,79.7619
Thirunallar,Fruits,2023,4,29,Mango,KARAIKAL,"Plant Protection",nan,HORTICULTURE,PUDUCHERRY,"Asking about Mango leaf webber management ",":     : : 10     3     ",10.9157,79.8376
JUJOMURA,Fruits,2023,7,30,Mango,SAMBALPUR,"Plant Protection",nan,HORTICULTURE,ODISHA,"Leaf webber in Mango","Recommended to spray Nagarjuna Canon or Iffco YujoCypermethrin - 5  Chloropyriphos - 50   400 ml per 200 litre of water per 1 acre of land to control Leaf webber in Mango",21.5571,84.1529
ASPARI,Fruits,2023,8,12,Mango,KURNOOL,"Plant Protection",nan,HORTICULTURE,"ANDHRA PRADESH","FARMER ASKED QUERY ABOUT LEAF WEBBER  MANAGEMENT IN MANGO","RECOMMENDED TO SPRAY  CHLORPYRIFOS  CORABANPREDATOR 500 ML200 LITRES OF WATER  ACRE    500     200          RECOMMENDED TO SPRAY AZADIRHACHTIN NEEM SEED KERNAL OIL   1 LITRE  200 LITRES OF WATER ACRE    1  200            ",15.8309,78.0425
TALUPULA,Fruits,2023,8,28,Mango,ANANTPUR,"Plant Protection",nan,HORTICULTURE,"ANDHRA PRADESH","FARMER ASKED QUERY ABOUT MANGO LEAF WEBBER MANAGEMENT"," RECOMMENDED TO SPRAY  CHLORPYRIFOS  CORABANPREDATOR 500 ML200 LITRES OF WATER  ACRE    500     200          ",13.5747,78.5029
KALUVOYA,Fruits,2023,9,10,Mango,NELLORE,"Plant Protection",nan,HORTICULTURE,"ANDHRA PRADESH","FARMER ASKED QUERY ABOUT LEAF WEBBER MANAGEMENT IN MANGO ","RECOMMENDED TO SPRAY  CHLORPYRIFOS  50EC CORABONPREDATOR 320 ML200 LITRES OF WATER  ACRE      320     200          ",14.4494,79.9874
PODALAKUR,Fruits,2023,10,3,Mango,NELLORE,"Plant Protection",nan,HORTICULTURE,"ANDHRA PRADESH","FARMER ASKED QUERY ABOUT LEAF WEBBER MANAGEMENT IN MANGO","RECOMMENDED TO SPRAY  Quinalphos 25 EC EKALUX 300ml to 400ml 200 liter of waterAcre",14.4494,79.9874
REAMAL,Fruits,2023,10,22,Mango,DEBAGARH,"Plant Protection",nan,HORTICULTURE,ODISHA,"Leaf webber in mango","Recommended to apply Carbaryl 50WP  2gm per lit of water to control leaf webber in mango",21.4478,84.7174
BAMRA,Fruits,2023,10,27,Mango,SAMBALPUR,"Plant Protection",nan,HORTICULTURE,ODISHA,"Leaf webber in Mango","Recommended to spray Emamectin Benzoate 5  SG  80 gm with 200 litre of water  6 gm with 15 liter of water to control Leaf webber in Mango",21.5571,84.1529
KODAIR,Fruits,2023,10,29,Mango,NAGARKURNOOL,"Plant Protection",nan,HORTICULTURE,TELANGANA,"LEAF WEBBER MANAGEMENT IN MANGO","RECOMMENDED TO SPRAY PHOSALONE  400 ML  200 LITRES OF WATER ACRE    400     200         ORRECOMMENDED TO SPRAY FLUBENDIAMIDE  40 ML 200 LITRES OF WATER  ACRE     40     200          ",16.4158,78.683
KOTHACHERUVU,Fruits,2023,11,20,Mango,ANANTPUR,"Plant Protection",nan,HORTICULTURE,"ANDHRA PRADESH","FARMER ASKED QUERY ABOUT LEAF WEBBER MANAGEMENT IN MANGO ","--RECOMMENDED TO SPRAY  Quinalphos 25 EC EKALUX 300ml to 400ml 200 liter of waterAcre",13.5747,78.5029
GOLLAPALLI,Fruits,2023,11,23,Mango,JAGTIAL,"Plant Protection",nan,HORTICULTURE,TELANGANA,"MANGO HOPPERS AND LEAF WEBBER MANAGEMENT  IN MANGO"," RECOMMENDED TO SPRAY  CHLORPYRIFOS  500 ML200 LITRES OF WATER  ACRE    500     200          ",18.8214,78.9151
THAMBALLAPALLE,Fruits,2023,11,24,Mango,CHITTOOR,"Plant Protection",nan,HORTICULTURE,"ANDHRA PRADESH","FARMER ASKED QUERY ON LEAF WEBBER MANAGEMENT IN MANGO","RECOMMENDED TO SPRAY EMAMECTIN BENZOATE PROCLAIM 90 GRAMS 150 LITRES OF WATER  ACRE      90  150         ",13.2026,79.0032
VIKARABAD,Fruits,2023,11,27,Mango,VIKARABAD,"Plant Protection",nan,HORTICULTURE,TELANGANA," FARMER ASKED QUERY ON LEAF WEBBERS MANAGEMENT IN MANGO ","-- RECOMMENDED TO SPRAY  CHLORPYRIFOS-50EC-  320 ML200 LITRES OF WATER  ACRE    320     200          ",17.2703,77.7453
KRISHNAGIRI,Fruits,2023,12,2,Mango,KURNOOL,"Plant Protection",nan,HORTICULTURE,"ANDHRA PRADESH"," farmer asked query on  mango  flower   leaf webber  control management ","  400   200          1  200           5    1   Application of Phosalone 35 EC  2 mllit will control webber",15.8309,78.0425
RODDAM,Fruits,2023,12,13,Mango,ANANTPUR,"Plant Protection",nan,HORTICULTURE,"ANDHRA PRADESH","FARMER ASKED QUERY ABOUT LEAF WEBBER MANAGEMENT IN MANGO ","RECOMMENDED TO SPRAY  Quinalphos 25 EC EKALUX  400ml 200 liter of waterAcre",13.5747,78.5029
BARGARH,Fruits,2023,12,20,Mango,BARGARH,"Plant Protection",nan,HORTICULTURE,ODISHA,"Mango leaf webber","Recommended to spray Fipronil 5 SC  400 ml per 200 litre of water per 1 acre of land 2ml per lit of water to control mango leaf webber",21.232,83.5653
AUL,Fruits,2023,12,29,Mango,KENDRAPARA,"Plant Protection",nan,HORTICULTURE,ODISHA,"Leaf webber in mango","Recommended to spray Emamectin Benzoate 5  SG  80 g per 200 litre of water per 1 acre of land 6 g per 15 Litre water",20.5475,86.5296
BUTCHAYYAPETA,Fruits,2024,1,17,Mango,VISAKHAPATNAM,"Plant Protection",nan,HORTICULTURE,"ANDHRA PRADESH","FARMER ASKED QUERY ABOUT  LEAF WEBBER  MANAGEMENT IN MANGO"," RECOMMENDED TO SPRAY  CHLORPYRIFOS  20EC CORABONPREDATOR 500 ML200 LITRES OF WATER  ACRE   50EC - 320MLACRE    500     200          ",17.6936,83.2921
IRALA,Fruits,2024,1,26,Mango,CHITTOOR,"Plant Protection",nan,HORTICULTURE,"ANDHRA PRADESH","FARMER ASKED QUERY ABOUT LEAF WEBBER MANAGEMENT IN MANGO ","RECOMMENDED TO SPRAY  Quinalphos 25 EC EKALUX  400ml 200 liter of waterAcre",13.2026,79.0032
RAIRANGPUR,Fruits,2024,1,12,Mango,MAYURBHANJ,"Plant Protection",nan,HORTICULTURE,ODISHA,"Leaf webber in Mango","Recommended to spray Fipronil 5SC Regent  2ml with 1 liter of water for control of Leaf webber in Mango",21.9156,86.3962
KVKUPPAM,Fruits,2024,1,25,Mango,VELLORE,"Plant Protection",nan,HORTICULTURE,TAMILNADU,"Asked about leaf webber  hopper management in mango",":     : :     2    ",12.9022,79.0611
"0   ",Fruits,2024,1,31,Mango,CHENNAIMADRAS,"Plant Protection",nan,HORTICULTURE,TAMILNADU,"Asked about leaf webber management in mango tree"," :      :  5       ",10.9094,78.3665
MUGAIYUR,Fruits,2024,3,2,Mango,VILLUPPURAM,"Plant Protection",nan,HORTICULTURE,TAMILNADU,"Asked about mango leaf webber and hopper managment","       2       ",10.9094,78.3665
DANDEPALLY,Fruits,2024,3,11,Mango,MAHABUBABAD,"Plant Protection",nan,HORTICULTURE,TELANGANA,"FARMER ASKED QUERY ABOUT LEAF WEBBER MANAGEMENT IN MANGO","RECOMMENDED TO SPRAY PROFENOFOS CURACRON 400 ML200 LITRES OF WATER",17.7139,80.0413
JAIPUR,Fruits,2024,3,10,Mango,MANCHERIAL,"Plant Protection",nan,HORTICULTURE,TELANGANA,"MANGO LEAF WEBBER MANAGEMENT","   500     200           ",18.9813,79.5198
ANGAMALI,Fruits,2024,5,11,Mango,ERNAKULAM,"Plant Protection",nan,HORTICULTURE,KERALA,"Asked about management of leaf webber in mango","suggested to prune all the infested and webbed leaves and dumb it away from the mangoThen spray beuaveria bassiana 20 g per liter of water to the  leaves",9.98408,76.2741
EDAKKAD,Fruits,2024,5,10,Mango,KANNUR,"Plant Protection",nan,HORTICULTURE,KERALA,"Asked about management of leaf webber in mango","suggested to prune webbed leaf  and spray lambda cyhalothrin 1 ml per liter of water for leaf webbing in mango",11.8764,75.3738
KUNNUMMAL,Fruits,2024,6,13,Mango,KOZHIKODE,"Plant Protection",nan,HORTICULTURE,KERALA,"Asked about management of leaf webber in mango","Suggested to prun and burn the infested shoots Spray Beauveria bassiana  20g per litre water",11.2451,75.7755
LAKKIREDDIPALLE,Fruits,2024,7,16,Mango,"Y S R ","Plant Protection",nan,HORTICULTURE,"ANDHRA PRADESH","farmer asked query on leaf webber management in mango","RECOMMENDED TO SPRAY  CHLORPYRIFOS  20EC CORABONPREDATOR 500 ML200 LITRES OF WATER  ACRE      500     200          ",15.9241,80.1864
PENUMURU,Fruits,2024,7,17,Mango,CHITTOOR,"Plant Protection",nan,HORTICULTURE,"ANDHRA PRADESH","farmer asked about mango leaf Webber management in mango","--RECOMMENDED TO SPRAY CHLORPYRIFOS  CORABANPREDATORALTIMA 500 ML200 LITRES OF WATER   500     200          ",13.2026,79.0032
KAZHAKUTTAM,Fruits,2024,8,10,Mango,TRIVANDRUM,"Plant Protection",nan,HORTICULTURE,KERALA,"Asked about management of leaf Webber in mango ","   20            5         Spray Beauveria bassiana  5mlL OR 20gL in mango",8.48823,76.9475
JALADANKI,Fruits,2024,8,20,Mango,NELLORE,"Plant Protection",nan,HORTICULTURE,"ANDHRA PRADESH","FARMER ASKED QUERY ABOUT LEAF WEBBER MANAGEMENT IN MANGO ","RECOMMENDED TO SPRAY  CHLORPYRIFOS  20EC CORABONPREDATOR 500 ML200 LITRES OF WATER  ACRE       500     200          ",14.4494,79.9874
MALIA,Fruits,2024,8,28,Mango,JUNAGADH,"Plant Protection",nan,HORTICULTURE,GUJARAT,"Farmer asked leaf webber Problem in mango  plant ","               ZC     ",21.522,70.4582
MALIA,Fruits,2024,8,28,Mango,JUNAGADH,"Plant Protection",nan,HORTICULTURE,GUJARAT,"Farmer asked leaf webber Problem in mango  plant ","               ZC     ",21.522,70.4582
MALIA,Fruits,2024,8,28,Mango,JUNAGADH,"Plant Protection",nan,HORTICULTURE,GUJARAT,"Farmer asked leaf webber Problem in mango  plant ","               ZC     ",21.522,70.4582
MALIA,Fruits,2024,8,28,Mango,JUNAGADH,"Plant Protection",nan,HORTICULTURE,GUJARAT,"Farmer asked leaf webber Problem in mango  plant ","               ZC     ",21.522,70.4582
MALIA,Fruits,2024,8,28,Mango,JUNAGADH,"Plant Protection",nan,HORTICULTURE,GUJARAT,"Farmer asked leaf webber Problem in mango  plant ","               ZC     ",21.522,70.4582
MALIA,Fruits,2024,8,28,Mango,JUNAGADH,"Plant Protection",nan,HORTICULTURE,GUJARAT,"Farmer asked leaf webber Problem in mango  plant ","               ZC     ",21.522,70.4582
MALIA,Fruits,2024,8,28,Mango,JUNAGADH,"Plant Protection",nan,HORTICULTURE,GUJARAT,"Farmer asked leaf webber Problem in mango  plant ","               ZC     ",21.522,70.4582
MALIA,Fruits,2024,8,28,Mango,JUNAGADH,"Plant Protection",nan,HORTICULTURE,GUJARAT,"Farmer asked leaf webber Problem in mango  plant ","               ZC     ",21.522,70.4582
MALIA,Fruits,2024,8,28,Mango,JUNAGADH,"Plant Protection",nan,HORTICULTURE,GUJARAT,"Farmer asked leaf webber Problem in mango  plant ","               ZC     ",21.522,70.4582
MALIA,Fruits,2024,8,28,Mango,JUNAGADH,"Plant Protection",nan,HORTICULTURE,GUJARAT,"Farmer asked leaf webber Problem in mango  plant ","               ZC     ",21.522,70.4582
MALIA,Fruits,2024,8,28,Mango,JUNAGADH,"Plant Protection",nan,HORTICULTURE,GUJARAT,"Farmer asked leaf webber Problem in mango  plant ","               ZC     ",21.522,70.4582
MALIA,Fruits,2024,8,28,Mango,JUNAGADH,"Plant Protection",nan,HORTICULTURE,GUJARAT,"Farmer asked leaf webber Problem in mango  plant ","               ZC     ",21.522,70.4582
"THIRUVANANTHAPURAM RURAL",Fruits,2024,8,26,Mango,TRIVANDRUM,"Plant Protection",nan,HORTICULTURE,KERALA,"Asked about management of leaf webber in mango","Spray Beauveria bassiana  20gL in mango",8.48823,76.9475
KORADACHERRY,Fruits,2024,8,26,Mango,THIRUVARUR,"Plant Protection",nan,HORTICULTURE,TAMILNADU,"Asked about leaf webber management in mango tree",":      :     2     ",10.6879,79.4979
GORANTLA,Fruits,2024,9,11,Mango,ANANTPUR,"Agriculture Mechanization",nan,HORTICULTURE,"ANDHRA PRADESH","FARMER ASKED QUERY ON LEAF WEBBER MANAGEMENT IN MANGO ","RECOMMENDED TO SPRAY QUINALPHOS SYNGENTA- EKALUX 400 ML PER ACRE WITH 200 LIT OF  WATER -  400    200        ",13.5747,78.5029
KOZHIKODE,Fruits,2024,9,21,Mango,KOZHIKODE,"Plant Protection",nan,HORTICULTURE,KERALA,"Asked about management of leaf webber in mango","        20         ",11.2451,75.7755
"POLLACHI SOUTH",Fruits,2024,9,20,Mango,COIMBATORE,"Plant Protection",nan,HORTICULTURE,TAMILNADU,"Asked about leaf webber management in mango",":        :1     2   ",11.0018,76.9628
BELPARA,Fruits,2024,10,3,Mango,BALANGIR,"Plant Protection",nan,HORTICULTURE,ODISHA,"Leaf webber in mango","Recommended to spray Quinalphos 25 EC2ml per litre of water",20.6095,83.1673
NARALA,Fruits,2024,10,1,Mango,KALAHANDI,"Plant Protection",nan,HORTICULTURE,ODISHA,"Leaf webber in mango ","Recommended to spray IFFCO Shinzen Plus  Fipronil 5 SC  400 ml per 200 litre of water per 1 acre of land30ml15lt of water",19.8266,83.0409
KANTAMAL,Fruits,2024,10,24,Mango,BAUDH,"Plant Protection",nan,HORTICULTURE,ODISHA,"Leaf webber in mango","Recommended to spray Cartap hydrochloride 50 SP  400 g per 200 litre of water per 1 acre of land 2 g in 1 Litre water to control leaf webber in mango ",20.8416,84.3213
JAGGAYYAPETA,Fruits,2024,11,22,Mango,KRISHNA,"Plant Protection",nan,HORTICULTURE,"ANDHRA PRADESH","FARMER ASKED QUERY ABOUT LEAF WEBBER MANAGEMENT IN MANGO"," RECOMMENDED TO SPRAY CHLORPYRIFOS 50EC CORABANPREDATORALTIMA 320 ML200 LITRES OF WATER   320     200          RECOMMENDED TO SPRAY ACEPHATE 75 SP UPL ORTHENE 300 GRAMS 200 LITRES OF WATER  ACRE 125 GRLT  300   200       JassidsAphidsStemBorer LeafFolderPlantHoppersGreenLeafHopperBollWorms",16.2128,81.0307
LAKKAVARAPUKOTA,Fruits,2024,11,27,Mango,VIZIANAGARM,"Plant Protection",nan,HORTICULTURE,"ANDHRA PRADESH","FARMER ASKED QUERY ABOUT LEAF WEBBER MANAGEMENT IN MANGO ","RECOMMENDED TO SPRAY  Quinalphos 25 EC EKALUX  400ml 200 liter of waterAcre 25 EC EKALUX 400ml 200      ",15.9241,80.1864
GURUNDIA,Fruits,2024,12,4,Mango,SUNDARGARH,"Plant Protection",nan,HORTICULTURE,ODISHA,"Leaf webber in Mango","Advised to call later with proper investigation of insecticide used before",22.0605,83.9359
PEDDAKOTHAPALLE,Fruits,2024,12,5,Mango,NAGARKURNOOL,"Plant Protection",nan,HORTICULTURE,TELANGANA,"leaf webber management in mango crop ","-- RECOMMENDED TO SPRAY  CHLORPYRIFOS  50 EC CORABANPREDATOR 320 ML200 LITRES OF WATER  ACRE   50  320     200           ",16.4158,78.683
CHINAGANJAM,Fruits,2024,12,10,Mango,PRAKASAM,"Plant Protection",nan,HORTICULTURE,"ANDHRA PRADESH","FARMER ASKED QUERY ABOUT LEAF WEBBER MANAGEMENT IN MANGO","RECOMMENDED TO SPRAY  CHLORPYRIFOS  500 ML200 LITRES OF WATER  ACRE    500     200          ",15.6643,79.4733
SUNDARGARH,Fruits,2024,12,14,Mango,SUNDARGARH,"Plant Protection",nan,HORTICULTURE,ODISHA,"Mealy bug and leaf webber in Mango","Recommended to spray Alika Insecticide Thiamethoxam 126  Lambdacyhalothrin 95 ZC 80 ml acre 6ml15lt of of water to control Mealy bug and leaf webber in Mango",22.0605,83.9359
KODAKANDLA,Fruits,2024,12,18,Mango,JANGAON,"Plant Protection",nan,HORTICULTURE,TELANGANA,"MAOGO LEAF WEBBER MANAGEMENT ","  400      1500 PPM  1   200        ",17.7466,79.2407
KODAKANDLA,Fruits,2024,12,18,Mango,JANGAON,"Plant Protection",nan,HORTICULTURE,TELANGANA,"MANGO LEAF WEBBER MANAGEMENT ","  400      1500 PPM  1  200            ",17.7466,79.2407
FATEHPUR,Fruits,2024,12,22,Mango,BARABANKI,"Plant Protection",nan,HORTICULTURE,"UTTAR PRADESH","Information about control of leaf webber in Mango","Thiamethoxam 126Lambda-Cyhalothrin 95 ZC  01 ml  04        ",26.9421,81.3856
PITHORA,Fruits,2024,12,30,Mango,MAHASAMUND,"Plant Protection",nan,HORTICULTURE,CHHATTISGARH,"Farmer wants to know information about control of Leaf Webber in Mango plant","             480     01    03         ",21.1923,82.489
PADAMPUR,Fruits,2025,1,19,Mango,BARGARH,"Plant Protection",,HORTICULTURE,ODISHA,"leaf webber in mango","Recommended to Apply  Karate Insecticde - Lambda-Cyhalothrin5EC  400 ml per 200 litre of water in 1 acre of land  2mllt of Water leaf webber in mango",21.232,83.5653
MANIKANDAM,Fruits,2025,1,7,Mango,TIRUCHIRAPPALLI,"Plant Protection",,HORTICULTURE,TAMILNADU,"Asking about Mango Leaf Webber management ",":     :  - 2      ",10.8071,78.6881
CHATRA,Fruits,2025,1,15,Mango,CHATRA,"Plant Protection",,HORTICULTURE,JHARKAND,"Information on protection from leaf webber insect of mango plant ","           178  1 ml 3        ",24.1062,84.8623
SIMHADRIPURAM,Fruits,2025,2,24,Mango,"Y S R ","Plant Protection",,HORTICULTURE,"ANDHRA PRADESH","FARMER ASKED QUERY ABOUT LEAF WEBBERANTS MANAGEMENT IN MANGO","  500     200          ",15.9241,80.1864
ANGAMALI,Fruits,2025,2,8,Mango,ERNAKULAM,"Plant Protection",,HORTICULTURE,KERALA,"Asked about the management of leaf webber in Mango","Suggested to spray Beauveria 20gL OR Quinalphos 15mlL",9.98408,76.2741
HASANGANJ,Fruits,2025,2,4,Mango,UNNAO,"Plant Protection",,HORTICULTURE,"UTTAR PRADESH","Information about the control of leaf webber and fungal infection in Mango ","  Lambda cyhalothrin 49 CS  15 ml      75 WP  2 gm          ",26.5673,80.6198
AKKANNAPET,Fruits,2025,2,6,Mango,SIDDIPET,"Plant Protection",,HORTICULTURE,TELANGANA,"leaf webber management in mango crop "," RECOMMENDED TO SPRAY  CHLORPYRIFOS  500 ML200 LITRES OF WATER  ACRE    500     200          ",18.0056,78.8961
TIRUVANNAMALAI,Fruits,2025,3,2,Mango,TIRUVANNAMALAI,"Plant Protection",,HORTICULTURE,TAMILNADU,"Asked about leaf webber management in mango ",":     :                            ",12.4289,78.9992
